0.6418290151054338 0.4552702794843142
0.8309563227373419 3.0224520243937927
-0.916225529951657 3.0866121441433036
0.31198134418133 2.3446896815591716
3.744374183416671 3.937156924707673
-0.5193713455739919 1.5829408970654721
2.7074495821073534 3.4801221413384864
2.3477861734226213 -0.9676478386110221
0.0448334631562239 2.4415335435646353
0.1365584560669778 2.7765504789487627
1.6498998593553882 -0.2874588962547472
0.8887115891824143 0.2422080727605845
2.322809142531686 -1.2594463514033585
2.2966939557203103 -0.4715122165218644
-1.373520650294967 3.9254084362646733
0.6876386715493175 -1.212521559140429
3.027442905176293 2.08654573999803
-0.8316161779734492 1.693931929895068
1.8095742569796056 4.267738350386605
4.0005968761177755 2.2063483897991163
-0.2260872226912361 3.589676218968333
0.5432686189683844 2.6636753665509967
-0.0526073360163871 3.3106672265824817
1.2191619364419493 -0.6362740402856308
0.029047199044354 3.001201321019542
-0.8811414164922172 3.348321587693481
0.9525243486243302 0.6466617362986216
3.8195342895616355 2.8079027603115976
1.6691928577356538 -0.2366807017192392
3.9896085035050994 1.9119870110627386
-0.0651156803167235 3.568924762707418
-0.0529916774589434 -0.2325059087389889
0.5177508156955685 1.9783499673134706
3.890938888992137 3.685664550924738
2.791802506529998 2.4802290854129705
2.8431005463725887 2.3147087009152676
0.3749916225692844 -0.1204277613816128
2.2087898741478007 3.407309378661731
3.0433048317085323 2.7707806623932156
0.6848110859217039 3.2306227530400826
0.305178910788264 -0.2906711578060309
2.148620810418827 3.632978468971126
-1.0565727113427426 3.02487676323759
1.798400838529426 2.3810019942013856
0.405375616724397 1.68513598135027
1.5335438799543255 -0.4150892596975755
0.4295926223688676 -0.2127575204409313
-0.1824837559322101 3.4537177967291686
3.4074468606746535 3.102970840597356
0.725543239541189 -0.8612595702270766
0.5351753732680896 -1.0982144046661002
-0.0484127909349535 0.3451837816051385
3.316969792978866 3.478061841828234
2.5371712897176497 1.8318454605513157
0.1919277202499364 -0.7827958926551357
3.3271967424498885 4.0802416211391686
0.7135840048769289 1.5782587472523668
1.6587413465958578 3.510686622399261
-0.300172729083927 3.1089827048594474
1.5713607120622612 -1.0625695445437076
1.3567288403549533 -0.7212045932532133
1.8456446214955562 0.5069305879503643
-0.9368203808700671 3.699764805758427
2.8601104890662703 3.196434657603458
2.8593727231461417 3.088581608813333
-0.0625591899955095 -0.2614759909157803
-0.2963435150806255 2.7498633427897925
2.0939683431865466 2.0580043981150413
2.6370607396574446 3.210227919722465
-1.5153372808766787 2.5706632742893345
1.9696984683543135 3.7514367633062293
2.529228790776548 2.5647490138604683
2.2726652329391634 2.806439842447876
2.0450384917261397 3.7275332307743425
3.0080990642011187 2.745987560704143
0.0309579685604423 -0.2320742102202434
3.8783314453992492 2.777928683581873
3.690426059113558 2.178582746268127
-0.063745522378719 3.0969672163081987
2.2090997288554246 -1.014285349108829
-1.3997477930357132 1.6997252115612176
2.224148008263488 -1.033151226845506
-0.1786702082016575 3.259259722557984
3.5000921026993175 2.124074177242832
3.582591896763038 2.5070687908164286
0.4687684914930934 3.6276608970969737
1.9786183344996056 4.026924550043242
1.0658743536083695 -0.5639186709776387
1.8965689450801944 -0.4050621169251651
3.5484054094030593 1.891941450256548
-0.8452069243024803 2.511165084735279
1.0687863389266627 -0.6723884759921757
0.4018768592639585 2.4755593461211225
-0.1256556198015444 1.8019025160084845
3.088961090305276 2.8013038493762985
0.0312596146939633 2.497648239112172
3.2070272364705157 2.444949632340653
1.1251592112842268 -1.1469518307156636
1.9300407491960831 1.8779445803902977
1.1456509401520698 -0.1975773248233742
0.3273178476319635 -0.6955732929086201
-1.0197366274587758 2.943524664503316
3.038155363877572 2.2841437970892295
3.4642518451687927 4.118368473759424
3.866664023699118 2.295715042729189
0.6345188954193033 2.6371554488304487
1.6091433499901513 2.7130378024343997
1.0148821082961303 0.3373551265102107
0.2682196112267916 0.040467294939085
-1.1881719747288613 3.2126334347793355
0.0216590452119448 3.7871133968439237
2.2742171441846617 3.5566613114572334
-1.266900558905337 2.164170435229814
1.8305179666256137 3.043072961443699
1.9834652538091786 4.1066981914191185
-1.27162692267527 2.4400059933471017
1.4714466195356597 0.2271856166381579
2.1219249285151296 -1.449317324404606
0.2080142727117259 0.2079991975444367
2.7589124051788447 4.24731566585092
2.180689847322115 -1.0537367029505336
1.1943715644935613 0.1510187848376809
-0.0657271159350518 0.3595064350632134
3.247357246151604 4.2698888537365605
3.001089134478015 1.9798728071887737
0.5758729861140508 3.7670103913533843
3.8134405435031837 4.144192514994418
-1.3064256769614648 3.159130871043805
2.66994519027019 2.0870069173926176
1.3673236006565295 -0.0491999468875714
4.058586811047348 2.5108180345961055
-0.3158242079775932 2.748055740307157
2.460746907245606 2.2229154915967135
3.881210964403188 3.7830401178830217
1.2695006596704903 -0.1679768731573405
-1.0716824164141243 3.3819925822418253
0.1938878087193484 -1.0897123698243947
0.0096508164989599 0.2733152627981349
1.5841914090724356 0.5585301703333952
0.0576922569899855 -0.1248452873254648
1.8958839208951368 2.0989299521802147
-0.7058261973575404 1.5398215696773145
3.4848564029597235 3.520580179570442
0.397917172218772 1.606530623685753
3.4893108924425125 3.90815357325993
0.0194021445288843 0.0498649939977972
-1.2244188885846694 3.1267068279295267
1.3544250063834393 -1.538979106869602
-0.7708880778359773 1.7531162672269998
-1.073220597496065 1.806220430902489
-0.9373136968135041 3.508350101139986
2.9895506341674527 4.102471032538684
1.881726191411639 2.0337699857008293
3.0143649989038224 2.589710737325371
3.7067950734522737 3.404470820983945
2.284972655228049 -0.4512902441166155
0.3750253164503855 -1.4606369456532793
2.2028488053128905 3.6951893509034948
-1.1324067937598703 2.940068451598419
1.4219043289115405 -0.3318606458482081
1.1261027488912776 -1.6425789455207958
2.152848977252695 2.103967618051991
2.5169751580282362 2.387572363359079
1.571040235678068 -1.048886392949809
-0.2295076141887274 1.7438057208611653
1.4655002634942176 -0.2557401804162826
0.3296647602077835 2.7172087571671626
3.0537667742085874 2.864714128738722
2.754677155228309 4.186331574526806
0.0424253109628341 1.9250889464171033
3.008483349041157 3.5746000127992863
0.3173534006282104 -0.5018085803988871
1.7005438505531816 3.0468636272068084
3.5226621654439043 2.1881432121525366
-1.2491364460407146 2.236281563815003
1.6568714550106287 -1.6613010890969224
-1.5877591510591207 2.087438498070367
0.136498902497588 3.387904175906992
-1.0120423596774353 2.885227022596348
3.7498853277053503 2.35715326027958
-0.8569230303419836 3.4165494943465555
-1.262682214897209 3.5814731493592644
4.074805660207352 2.583325350133881
1.9218705761353259 0.2548640491719238
2.4066368325807446 4.018752895804661
3.0578349917292313 2.607012223493156
3.3590749122125496 3.553288148216537
-0.718250428665156 2.8772810991003945
1.3803087377972736 -1.3587171181715625
0.3644320647556509 3.240037775384471
1.1916911057975916 -1.6769321170707023
-0.008822835995989 -0.3387042516580015
3.762642820936581 3.66260823751686
3.059990970187907 2.7844462166780684
0.2006331070450788 3.442833259749696
2.2437343523002644 3.0536512187046223
0.7043554097310143 0.0891628208760431
2.4823580509187444 3.8746868963315286
0.5785933287547858 1.914631331805203
2.9433829569829304 3.0342335058863203
-0.7686807908996163 3.7022873290996174
2.9089188286579963 2.1297157605872843
3.054669598339685 3.376612340300452
-1.0346826891604757 2.2653416215026527
0.4167860428253009 -1.3478109976713033
3.646109996841635 3.6269208711913055
1.7838277550329853 2.8731417749223804
0.4328520123423665 2.3423441881039597
-1.2220482397149346 3.381645058337473
0.0640798564435814 1.6227443961967554
-0.0643916446173665 -0.5226042906004577
1.2709219468712845 -1.4874681109205021
2.161770127156137 -0.1220397275506944
-0.0866691188610504 2.688314099019756
1.8166372706949383 0.3428542900282212
2.7407282438858567 3.2701912093229706
2.4495131244257053 3.5571736724962815
3.0929201729160734 3.923247357076792
-0.1255540878288042 2.770027695580815
-0.0393584694710664 -1.4845864369881896
1.7782940092034107 2.239272030006947
3.9103404310947827 2.188717763540126
1.8933219170068267 0.0410452504944532
3.432395232450964 2.1788347273062607
3.332674209521751 3.86190316865669
2.4907986339833843 3.690618019828206
3.041130524407271 3.225887315617202
-1.3244602801321732 3.892311163991706
4.081173323248117 3.4064664401788916
-1.0000315084090823 3.4336459312709464
2.423183682523093 3.870639024015533
2.8501897953614423 4.197859367210056
3.3882407183735794 2.621725631687242
0.2385088221577703 -0.7556083480305964
-0.2645772337581491 3.5522441981475796
3.6743268484180867 4.113273256209353
-0.8004515437501516 1.9390858205926291
0.9252175972825972 -0.7027902680530353
1.7494414998671708 3.134689331864517
0.6262342475786838 3.148556372028031
0.8432217410620475 2.9042009148121415
3.1702058481604576 4.226002375322163
1.8378014674451033 2.5698277618242535
0.1571158785622167 1.8295326627942985
-0.1464056746582186 2.9238973259833556
0.4712015766816271 2.8511730967927136
0.8655119320148283 3.5818653762822987
1.8242476621198882 2.5564563100205975
2.0030912109414984 3.2701557851975753
-0.9649683353822026 1.519562747051483
1.3923441982027087 -1.2634861897986578
2.570152100085779 3.4561310719332954
-1.1111514734294476 1.5030994780741485
0.4766977123993311 -1.6327129277189687
-0.146592772536336 3.4321351594367666
0.1588751870914305 -0.3851648033852871
0.4339759037679075 -1.4156913514736773
3.50624770291855 2.7158536247500193
1.9285335035332913 -0.3359676584773697
3.391998502978695 2.509062513373372
0.694512452517274 3.4246277278579127
2.3813934472914577 -1.321185664642783
3.289586803853654 3.8362127319110386
-0.2300282427134009 1.894492662158295
-0.2952703787882695 2.5641425512385077
3.7366839624588626 3.618561300786163
2.4369411085012125 3.0186216958941197
0.1045133312597765 3.459894155231415
2.0922761419855123 -0.5662737697232058
3.0472367667520914 4.128397424215444
0.3580403138197006 -0.1661640261467272
0.8405778408079732 3.1204269446293864
0.2856778504525116 -1.1553725070181258
2.1297973896241675 0.590732938394294
1.603145423565666 -0.855432708837453
-0.0089903742847684 -1.3965595794386985
0.2655577641822937 0.0089845711822241
4.056539715173389 2.142049312926837
-0.6687628314948333 2.6200627975286612
0.7492686960147059 3.292627958013064
0.8131229059586944 2.8427673288040864
0.1268568068768092 -0.8711588721706396
4.094520899914047 3.2865963645985685
3.860154841873167 3.4595268194048927
0.6863498425893904 3.478286444204221
0.3506657713987356 -1.1357682982685924
3.331569982788794 2.950111266656559
2.183578759832564 2.5270725299398653
3.2386284875135485 2.7833465100329726
-0.7450254286756735 3.1472994435435977
0.5695866436406524 -0.7098250497733651
1.4617196344755266 -0.7298369382652221
3.9525104847600394 2.25147943385378
3.122148639589198 3.133147083390662
0.4994376095737535 2.7508340058774823
1.7486812983152098 1.9096731527602457
3.2994233531223736 3.63138311500117
1.0138902916604569 -1.783373088713401
-0.0740921109571284 2.936841083815069
0.6593486369912563 2.2364585151781653
0.801307371189249 -0.8056614633229955
0.565123863513682 0.178529845875331
-0.1574650793760499 1.5110395539839403
2.1426347512736883 -0.5996401757224389
3.4917020079460337 3.337164898211816
0.8778080351575899 0.1053291178575139
0.1234439255563989 0.2249813369990853
0.3979636715017431 0.4817788148528155
0.7799016848846018 1.8234804812460728
0.247179573168375 2.295583678168124
2.889738647731474 3.9941088826099245
0.5357539272308148 3.157035720712934
3.7068271843786276 3.887244919678052
-0.0156654928916251 -0.0306884762099901
1.2593377459673931 -0.4420866086818118
1.6464668801746059 -1.1523677999798354
-1.4213252750439416 1.777280013075341
0.3977143966114765 -0.0381774250053178
3.7143840210990016 4.025419054060445
2.3449199006035744 3.094513201412035
3.3508957245658437 4.245705551054598
-0.5092926890829595 3.299982774508669
2.345789049293991 -0.798460635939324
-1.305836664455164 2.7402291574376347
3.675656886164935 3.4930781453427535
2.9840437717472352 3.5468399088045337
2.959981398967137 3.0574445413935076
2.0376772049616645 -0.0260403644219954
2.8752988308896925 2.831600595191545
0.6376809229030999 -0.10161007559077
1.800497808443136 -0.516292797674613
-0.067974066482177 3.962769651255671
1.9410120735796428 2.4767064786894926
1.3609348513183588 -0.490870749859096
-1.1253345098516216 2.738618910861587
-0.8116167348373808 3.8534834813908345
1.8139497573750145 0.5158124434141601
2.34371851639531 -1.2891093178577757
1.7759436970709295 -0.7543511213101018
0.8196220726262743 3.3085376891964255
0.4992247757938194 -1.2977353260102213
2.354944424977957 -0.3611514160917503
0.6417524362350013 -0.6365113459270643
-0.1604932263645947 2.6542272646694283
0.5070483722539373 2.34071336140718
0.7985003651715084 0.2655819731678746
1.6186643615952876 -0.490709148983835
-1.4865266380331215 3.059620525698941
4.0720495810748165 2.1792432290437755
-0.0230424188535849 2.0684210570099024
2.097032191859818 3.542504871764822
3.468386519475964 3.6042661782889684
3.7066500085637006 1.8890753191027037
-0.417262039625965 3.730168599259272
0.5789094147664386 -0.2953869055460219
2.6452073071683944 3.444093092285762
1.2496146247826587 -1.7927381064710328
0.5248352618845159 -1.124435653865764
4.066628388223078 3.092159320766375
3.6951668227121064 2.419690514021837
1.5263844859953486 -1.0226631767436463
1.6233028049617386 3.3438874865340282
2.009337810817219 2.4787299013762816
-0.3298728257893392 2.2048706035290895
-0.8392270458453344 3.8514708937068884
2.37490060755585 -0.2137055027604637
1.0860098487341283 -0.5967515992716876
0.9620014490868264 -0.1514708624562082
0.4858194399301436 -1.6333212006674522
2.7852943428718997 3.890859229895953
1.9025624018873946 3.168131861010734
3.3589782532111347 3.1061010388651833
1.8485495567149905 0.3288420250993976
1.0615112942170177 -0.1013166475187095
0.6731985122984884 1.7830751387682506
-0.8312692630867798 3.777439430634794
3.300456733643368 2.943300337001035
3.5625115047226474 2.904255768290347
3.060762170471013 2.513966131770624
2.6039556269140376 3.2362880347557073
2.517643030253371 3.4319407238168114
0.5700713680968293 2.538898463887261
0.9211057604051459 -0.1953527679127247
2.2351000568650963 2.0053449557234706
3.616409491610265 2.407522988722747
3.4669731536890276 3.563238875748764
2.141763793051928 3.3008207267590866
2.569630237847936 4.199976784652737
0.307597946718119 3.0379522739313756
1.8913049019200987 -0.2487191945884948
2.2041113802173795 3.148835862699419
1.6657647293854545 4.205511773549793
3.663810931864376 2.61911383731163
-0.1484391905686101 3.875998945887478
1.9322460684238194 1.8890174736997989
0.3410486969981647 0.3631908231437767
0.8219770269911146 -0.0641153819063307
3.1278276629207973 2.369748610205905
3.538386893786974 2.0468567002207694
2.3565405973118123 2.5790219011617124
1.6472714133071356 -0.602538717761934
2.5969132965819903 2.717694613074529
2.0380512200061305 3.560650175856274
-0.0246823199857128 1.9030444702490248
1.057996296127097 -0.4545785178839121
3.553765756809517 3.1720438878664563
2.9050324521446087 1.9532958285484514
1.4968756282123272 0.1407855913911503
0.2970260583982006 3.288328634041138
0.162058289296625 -0.8411486600378802
1.7660969409504996 -0.4771241467941195
0.500713292367327 -1.3075147976753043
1.1916961939425632 0.508913807040846
3.274961288283801 2.624582539653436
-1.1358210049081587 2.426990612565511
3.2767095537365223 2.485618666212578
-1.556047307386062 2.5628152912540427
3.713644281130727 3.3625505493426786
2.1274168275591214 4.197773613517001
2.6248070161696297 3.979721102973867
2.7253138494078226 2.463014005496794
0.8670744199161003 2.5990550900333975
2.854709866161543 4.222122981305279
-0.4066925135631555 1.7614689518996787
0.2236592833257571 -0.7525173824956508
-1.280841000386782 2.797985059963253
0.0796987418815513 2.397948642956532
3.9840391188042403 2.9971028369486254
2.2494023268941215 3.0674794579281466
0.5610040448006947 -0.6179356966450102
1.2310644105595543 -0.2359415583918909
-1.331283727436835 3.370768730409359
1.1265128777935114 -0.8878883563789048
1.205995510143112 0.1982393071948086
2.2902773709861917 2.297504597177474
-0.091396410057592 -0.6536356114086883
1.6546601643446301 2.749674346429146
1.4170592946051774 -1.4028647456490757
-0.6582491751207005 3.2665260238084493
3.9854190216366443 2.9357831397169707
1.5360255252053927 -1.2221824830277546
-1.5718404156009054 2.093785332287237
3.1497378184625355 3.3225484354870494
1.0767002677990996 -1.7726760465920235
0.3225355827072076 3.71581701392315
0.3132365098845344 1.864387644748266
0.5081418964961533 -0.930466823511437
-0.0904367307414935 3.8298503381956808
1.7760795700769345 2.693749667290736
0.3707436428395173 -0.2099923194454775
1.8794935336002814 3.1060762656510907
1.8202451270179654 -0.6091220011975709
2.919114303021685 3.1267245401539423
2.7388892885559692 3.6957650168857943
-0.8922666902452028 2.997230274269077
1.8499888086288305 0.1297443517390005
1.7373142140932127 0.5127048000646413
-0.2947944196372742 2.7699341903502424
0.6804085332834361 2.498514064637105
0.1144658025181249 1.6468339910592882
-0.7846522380310781 3.0319713426332413
4.053765221919525 2.550750165275556
2.3421899906649024 -0.813110867433663
0.6237557194116081 0.4112171130232586
-0.0568924997492616 3.298495876942263
2.780105102496458 3.846387032631856
-0.4186442726073944 1.5229612956532883
-1.4853849791002054 1.9675491401101906
1.2612517476672174 -1.6622046118628966
2.2577385289469 2.5303768626945784
3.3706822841469464 3.421567398582112
2.530614221370385 2.448334453714139
2.700868498174721 3.7920295184960704
2.3009150900907445 2.1728971241808988
-0.8608296520319125 1.8416728847062227
-0.0768961637750741 3.1087551679785492
2.5955437821078746 2.3352431480278715
0.3587837253774951 -1.5846270596903527
2.145229847260836 1.960724155725391
2.391060001675662 2.0072120680094034
1.3902802388420272 -1.5335962991932095
-1.3474841942540845 2.4568022136329906
3.7832130739468224 1.9774299669152182
0.1525055604053106 2.5776884075596582
-0.8758434038045085 3.4646086225062382
3.7129447193135414 3.4495081661032505
0.5456197544788955 1.665940772955332
-1.1604931157151657 3.7674672156555014
0.7940788690185054 2.3986533564949677
-1.1071242337512548 2.3681850822666304
0.2045034130355806 2.155545528122466
1.7154138637130165 2.1278954661801044
2.3188285958416315 3.621371952176802
0.0353300444434182 3.0257381492216027
-0.5547594823708917 2.808762901178058
3.8104284157160415 3.814953422298154
3.716109388383275 3.394530151584423
2.5715990188642324 2.803166761712074
2.649989975909957 2.09844611010829
0.0356600972740622 2.364279567827754
1.8377818639446286 -1.5218699292083493
0.1326868057026594 1.5951175538867568
-0.075779233900107 -1.2907780453350697
2.5281233756358215 3.8144429453521984
0.2001329372439651 3.112443135365238
0.8073088401394451 3.960581350348674
1.6484188656245526 2.982904441781808
2.9411922814186138 3.571609625406431
-1.4693007376841114 1.8048201316970593
-0.1800104554453413 3.0589808357456585
2.6742110948829434 3.501941218908664
3.1470769574536446 2.2302559341343837
-1.3294017739829818 1.6826350661802298
2.574943727458689 2.6210690319228367
0.4127031337507243 2.630677630233189
2.9516706944416424 3.147165777406155
2.131271271659985 2.083995951573615
0.7459143341301129 -0.0893605140673777
-0.9067021703176396 2.9770404651558757
1.3822320916977577 -0.2219391627038627
1.8111821805643968 3.658376757011742
0.5196400266083318 3.2624118056894242
0.6552147524731273 3.783814299615879
4.066923907370556 2.4091575678736983
0.4457933676835818 2.2841420804820403
3.1344097405327043 3.978599175898819
2.022229783099475 3.8442004344837457
3.837050667500792 2.2673219854303137
3.053781349576075 3.9235821452748274
2.6535977825079744 3.2044928229222047
1.6656700545094156 0.270766457349371
0.1946775658007975 2.6546640078549033
0.8305748544098769 2.0093689451197836
3.6343996052967658 2.662068136076174
3.309308993749041 3.785365456642606
2.3869785735936437 0.1996805562965445
1.8258562308142932 -0.9025853923510194
0.0621908930766796 0.1197941194191278
-1.3526654484157972 3.1363833957064755
3.2442147154361693 2.3854499671746465
0.7133679671935053 -0.8153707677644326
-0.0849407491077283 0.6417529456481934
1.7168301885036403 3.0940855200951822
1.154246833924217 0.0913204822996523
3.440192376953979 2.881202484193854
3.3636444755668005 3.8324145812152954
0.9746492010941759 -0.3588448303304642
2.526760299905236 2.8644160196397803
1.5737006816556818 -0.2796595583600569
0.0207720339037976 -1.2140812582925364
3.5330405409732784 2.5022399521301577
-0.6431322418009725 1.8200592683096615
1.0396191232010088 -0.649291378304591
1.4496700424875382 -0.8634825495152036
1.7156723095462219 1.9146662163271533
-0.7802306926362301 2.1555341757580755
1.882486142655249 -1.554380381483951
0.8121255593878234 -1.3617817598909752
0.8463363780882999 -0.1956691520459931
1.927574979862234 2.2552409761137344
0.9259988859408285 0.3505984328969715
4.002499707230569 2.4735772867922465
2.1994163496159618 0.5805153092417293
3.910996571542678 4.20632766585287
0.6470575307148705 -0.0211561268820307
0.1836688920084705 2.6433144229558696
3.4882223149798204 3.3215673115154307
0.119779549998307 1.9508888003733293
2.5114439477603243 4.025747711565872
0.1196605107167562 2.106132347633918
-0.884083536234748 2.5264355471841107
1.9044970153713485 0.6972757520464528
3.088504789185689 3.666734235978624
0.1018198097922157 -0.1787912804848233
-1.3187444979533671 3.871387482051311
0.5949896304613406 0.225172771025208
2.056974898079119 -0.1577654009756856
2.7960707260688094 3.046070828222519
1.6078013593542846 3.9493559511781724
2.9821028709650994 2.631513455770751
3.9667582600971567 3.6507627783457717
2.493461009053889 2.4939114831910336
0.684621136656832 -0.2960565898218858
2.2876749920480823 -1.0190807203913428
-0.5042733792061385 2.431226492397988
0.6747267108751386 0.3083766929453883
-1.329100756921862 3.8302390123453276
3.4872867511053487 3.8723363533297532
-0.0888261488123646 3.0801071402953353
0.3054802628078928 0.5329772304341593
-1.0139543559111321 2.5351310789695676
0.645077248888194 3.839348300285352
-1.276350879921521 2.766589216052643
2.064791593369745 2.6495454492009967
0.8435784255967832 3.2407364171694555
0.5473457407875568 3.094845066469594
-0.7188953130430089 3.737030033361036
0.6316748512025322 -0.0738016030355316
1.1172473842396826 0.0392797227468238
0.8444077223873786 -0.2816424178630739
0.989534948557855 -1.2727630838420003
3.0661820615931634 3.366301279803004
2.360341532641846 -1.133363991094694
-1.5256070269665993 3.6745290068008303
-1.543663801195767 1.8535557526846227
-0.0646556716945142 0.6293951928245304
1.8251991078840215 4.259895991457716
3.329379850573834 1.8869242178564931
1.6483034281239188 2.8076453323568664
0.4271149510765655 1.6003941918998943
4.058391131138999 1.9568789051106013
-0.4112126438851295 1.7812420945464935
2.9296812822309177 3.3655372284660596
3.26468006157087 2.7192927185752445
2.4413359168090594 2.9039737620946817
1.4138956235605704 0.6614781421314216
0.449698652326219 -0.1526721961083226
-0.1804114888502352 3.6469596952483223
1.2149841269165593 -0.5769373258256368
-1.599228927101912 3.6714865002555235
-1.3090220567092146 1.9540490279765903
1.5451994109573775 -0.3180939958903779
0.3889943420909609 3.050276991313124
2.3681483637234426 -0.3914199786875353
0.5020969312008188 3.0236344468222707
2.172144540109804 -0.8155523449695704
-1.34989098547595 2.4221667095105923
-1.3558270452508945 3.8643135384402143
4.074931427767451 3.688763919222339
4.056526116816585 3.615286789915094
2.7767227899189764 2.1402274980465763
0.6737276646580797 3.5221927823844603
-0.0923101027036518 3.6602104223049046
1.0257778852684796 -1.1471670169030315
2.991376771372466 2.9517539610006716
2.84553640844611 3.101334722171059
0.5417075351512322 1.940269930365581
-1.515551642076945 3.6753649691693435
3.1784007702729062 3.6861076202376952
0.3869749198325299 0.1714541389615514
2.1618153873958743 3.2032013593646376
0.0004251109084009 2.830033069067438
1.9599310837672592 2.2061884913362104
0.5010517398274463 3.533377511305427
-0.2552067879854246 3.670042503008939
3.444270123520375 3.7945964474638267
3.01785265073006 2.473295396480888
-1.2281241673174477 3.9750619144216066
0.5706459453698134 -0.5869008770557802
2.826489079269953 1.9227739581048409
0.5522843311451169 3.844636910450691
-1.0639186819737452 2.7679822633839755
-0.0144747377915222 0.1449656338109866
-0.0432479784366076 2.7032562876538053
0.4359288239025722 2.4312203704124324
3.7658968361753886 2.1055629053095677
-0.2025543643377691 2.2796470611306154
3.5332914985926256 2.858025097307768
-0.8452735862808285 3.3735685938490714
-0.0024030313451311 1.5936939668379204
0.2007513603125331 3.4004372877398654
-1.0948270210170035 2.321616710864474
2.013098634120331 -0.3493702668883555
0.4833735231212377 -0.7565064392381597
1.7885764935749358 2.0664695590343323
2.8630298430455894 3.0637663220663494
1.0684159637909068 -1.7532151017791577
1.0561340723611365 -0.7434682961732721
4.087349517053993 3.24366196677417
1.5745216337606198 -0.6087978119299604
1.677718283555976 -1.676241241291016
0.5844733083364213 -0.7150367520868962
1.3427972450492542 0.4945611795031462
1.864900799811641 2.9926698956763134
0.0441717790015564 0.3152645361299056
1.7096832776507584 0.0797461320259993
0.3403463451845491 2.244712965202702
2.330241862546188 -0.9675062785630003
-0.7994286132591598 2.161779366595139
-0.275974446112339 2.2999876968483703
0.7557730925333962 1.9328478293612203
2.253716884334626 3.964963171242
3.7097035000700465 3.672483290815709
4.031576179086294 3.1943950522227014
2.077627473946461 2.1667850197604936
-0.6869962601956227 2.561216866433551
0.3290973161051977 2.910207568161871
0.0911059509218685 -1.6904291141181544
3.232528793330758 2.329982101194426
0.9548227657958308 0.6919068045898253
-0.8426638821047793 2.368290993718888
0.0619993735969092 -0.3931382316692722
0.7939536683882925 3.2032373218482464
3.450820976092475 3.3369897029322693
1.196097521692243 -1.7034990292871912
2.0085013959518174 2.1080388509821937
0.1527680909097887 -1.6681043463090206
1.8531445643400222 -1.3806652146701583
2.8864854335462122 3.637441730003263
1.9636434638195956 3.227162579574212
0.8038158271175689 2.5870873953415185
-0.8898377854765279 3.089071938321866
1.0421621882362497 0.0044695368536481
-0.361490651039332 2.1838669230703274
-1.1961714529654204 2.0633301443762635
0.6236624453034076 0.0299428623676873
1.9061166506485496 0.3167479720166861
1.175653666503807 -0.9618848475673176
0.7454618934850398 2.0849316077468227
-0.489698052350111 1.7109687785865964
2.374708849276188 0.3551483263186125
3.667904621490257 3.2149520015024673
1.9451472093889992 -0.5214298232326763
0.735400957419296 3.4363170661801807
3.6118686109672264 3.3845207534595065
0.8009133409334989 3.7356093038795124
2.3538207925068457 -0.834420611606343
3.317402365836185 3.074717643307395
0.6545037834570603 2.9498202537401306
4.0914795383272065 3.292557238611029
0.7149827535426314 3.879072908371279
3.5666811154201574 3.280660481685282
0.4663667356340359 -1.6686038254336815
0.0156829157884336 2.219681251070365
2.127043479747458 0.5189758385639361
2.8809983527736778 3.90840663446308
0.6738146675313289 -0.7089070793495217
1.5325173955247433 -0.1697738473423231
2.981061791686455 3.7955369023375445
-0.8850691254770687 2.397898570003872
2.234789542666065 2.555543228454328
0.8155365436746946 3.8356957522262034
3.1568389268078323 2.307391706596334
-0.9337575047250511 2.159604857111695
-1.1072135148967182 2.5758213462578867
2.7075905939304086 3.261290093139979
1.629578617231179 0.62258769617027
0.2736099736798437 0.4837646320098149
0.8813068254468522 3.087395647520553
1.8106210061745984 2.501427353287569
3.9790382170917957 1.9417017722681549
1.236242282994774 -1.6230441784347327
2.3252155767163747 2.2231696305780435
2.1854799978245296 3.14087970639246
2.839026873378023 2.606924049036689
1.2627718103709207 -0.2578597745229343
1.2192602941876978 -1.307131704924407
2.1562331309698717 -0.9178787896009215
2.684838491765003 3.6348132473742663
1.6375163095261176 2.6135070857203506
0.3390853581793051 2.3901946702430634
0.982678658972239 -0.47116914104654
4.098543287984863 2.23234596680327
1.036414270761087 -0.7270561769207652
1.9238875919585148 -0.2500982336189041
-1.3047482663151262 3.4493440696512665
-0.0502588804436993 0.5925239612676582
1.6920662428681092 2.3846662929788796
0.1186903056581272 -1.1800085339137
2.788012934220717 2.1304142069041956
-0.7033833562618134 2.268047757444772
1.6856430186507534 -1.0761049220036407
2.6912505113020266 2.1590653555925656
1.0606197824981445 -0.809907079518264
-0.3938639700853997 2.1832129269317764
-0.8347141566722194 3.5082373917835596
0.4821914736627674 2.417535861240943
0.6397526052250727 0.5738498901458687
0.7924777519374196 1.9460323371143529
3.383410598390726 2.404997601911959
1.864435002969609 -1.622415850153873
2.981820356520081 3.511254110077917
1.4395686243143633 -0.4089111701283272
0.1112096042458558 -0.8228451224541092
2.3238510746849776 -0.0690093297662851
0.075134645755059 3.5211981814116347
2.2925417512846447 2.1486567062459794
2.217911059189454 -0.1218014937753847
2.229616731167235 3.902824799695068
1.1180939228292017 -1.5582413939218664
-1.298175159176748 3.9752698999548555
-0.3453173780189839 1.9019283208689983
1.7824586390017738 0.4253501111678894
-0.0206959768918675 0.5058179763215664
-0.721298833252332 2.4997136909293416
0.2492571323936045 -0.7649311520327179
1.9363922777713076 -1.6278192784649668
-0.1496644557622813 2.7979983235008548
-0.67534265558302 3.2616688756499026
1.413088677022151 -0.8878577866419708
1.7460235086983251 0.4277935790644685
2.789637777983317 2.551726247836411
3.0905676568362015 2.851381961760252
0.0049697975191268 -1.4229373109029808
2.498337178434165 1.9339864754068923
1.2465609884386217 -0.8879193941143853
1.2748265670569239 -0.4545901440819875
-0.3711464932898909 1.9632530292274237
-1.4902132591783832 1.6102104001158108
1.9569094863057255 3.416563564798459
0.8927476476491887 3.1119494447534723
2.364647665111164 -0.0597004091399832
3.9376642086099705 3.0262300978707257
0.3944581232524305 0.1661475714494517
-0.7489823590853075 2.6374184264129963
1.6179447131876492 -0.0717453505446478
-1.0895717189233294 3.211454348961384
0.2317689653688125 0.5543386072070322
-0.5653996245498921 3.3796360111490276
0.0223531867934263 0.2237631300478201
1.6494059261793101 3.222123542603685
3.5875658892182916 2.221492130834648
4.067830978261161 2.160481432853988
0.0525748387899622 3.4650176191949673
2.0075016209509045 -0.2016689580331499
-0.0632804995225562 2.1236492089160457
1.9089203375326065 -0.1904252237524571
0.7332371691269288 2.222686904141516
2.068105348842489 2.1422884171339507
-1.2323817400403352 3.706319865593343
0.4155149830694269 -1.0315698857790414
1.3800408917720248 -1.2280463680473872
1.2941142429933932 -1.724432858239447
2.170361781570979 2.664512565194659
2.462218030692816 3.1213775691196783
1.4081330876033387 0.5611860167199334
-0.8071304902236232 2.2126957640708382
-0.8364000728111132 2.517288886504514
-0.3504175205350729 2.8229522590268923
1.4886406151287197 -1.5713136457031893
-0.608348914946926 3.1614223987843664
2.3984289655957 -0.3365755058596847
1.5499794091987171 -1.0956828322835415
0.7906394899200035 2.556907156418814
-0.2556885492643611 1.8208422650463338
-0.4781365668921765 2.6462629308292085
1.8457962598999256 4.158722111061894
2.699919471945064 2.2806547434050075
2.331512808801779 0.3464766457098819
2.1248687203389505 4.0202322042218785
1.6989811611822765 3.3470427711763295
0.7092018811060191 3.0462759519131613
2.121024534929599 3.1075467341000342
3.337129749273593 2.6206030493766965
3.1877642462026436 4.224190759636838
0.0006632624263497 0.4965260675047811
-0.0644079888617257 2.361319104737406
3.9377549564730967 3.7286350035814135
1.5374217876310468 0.2908224535592273
0.1018634383959108 3.506436098547143
3.3535552173309315 1.884321898163026
3.2218353655677485 2.2545716246705134
1.0060857491584208 -0.9502464173277764
1.5435241888715516 -1.231029013910358
3.3841840315540064 1.8099392976727307
0.6158913966114058 -0.719252325860564
-0.3147130580328117 3.2624333260447558
-1.5346741056867226 3.379624124614463
3.688699110501219 1.9041218832001523
-1.420691956333323 2.9582503540518763
-0.6855188671471226 2.230508945293011
2.0269793505352705 -1.7993383648464802
2.1742553041757904 -0.5006828054480515
2.334880716420087 -1.67714176386152
3.5189321795407764 2.165174449744803
-1.23371941518493 1.5895552754692377
0.8703128883417125 2.5694204120668105
3.1300368293062077 4.106855162182795
1.3820922641490456 -1.4049394701826718
2.8399819549660803 4.089762479956436
-1.4981995170118434 1.849794262829186
3.0138699334487944 2.9524309402136963
3.1018242729585066 3.4267673258850966
3.354911767457957 3.7037623895494405
0.3202583210610984 3.5240747687515395
-0.4885974288997631 3.4929369505992622
4.075300468143666 2.3141126413130313
2.331586690463683 3.36448495312061
-0.5609099454502301 1.5287879985199362
-1.3870615000923905 1.7281696935119266
0.079159546455572 3.1341565508982754
0.2425190327366436 -1.6148110800322726
0.4412295924119092 0.2623205149441797
0.8923007425788823 -0.9531303637805688
-1.1473813092782539 3.1241039220739726
0.4957265256668801 3.0609987539755865
-0.4028823457357319 2.7923298189390824
0.2396486494392933 -0.2850124984321285
1.467211396911332 0.3148784412148139
-1.2815551669128105 2.7136807536666807
1.0789986995523266 -0.6269723483018226
2.178309248838968 3.910961684132831
0.2522636811186686 3.330454852351635
2.487294334985547 3.6093857547461567
-0.1597274817420169 1.6599092481264304
0.1804322304259826 3.806601321074566
0.887079834830835 1.583027316466675
3.371645930136856 2.809177970066182
0.2951206489009812 -0.1866358991902882
2.5935636791874597 3.1388697724111516
3.1639292696832557 2.680500355122916
0.4267126665748625 1.55606397993222
2.544100529510073 2.9131058663991323
0.7590271109592768 3.5498017808241813
0.3260335338386194 2.125713080397458
0.2942743166595399 0.435336368057058
-0.0305810824714165 -0.6905517414498878
2.3604623655768875 3.494548302098334
1.9373815533127547 2.1538498037874665
1.03718787114037 0.6436276678834248
1.640801246790366 0.1075492824303967
0.2468989171778314 -1.7189127595301952
0.8228535526722438 -0.9865589663021664
-0.3515727015551506 2.65124729330174
0.5103100311800237 3.2415861670706554
1.9614109335721348 3.2703046580008293
-0.0522173396539798 2.4081803674229296
1.4229401264889938 0.6968812787072644
0.3515494240387685 0.007293462021806
0.2401756003288239 -0.8772384087713236
0.8081438822378415 2.3833331415825403
2.0990177716876235 2.654648567652559
2.12900928489462 2.4087583261404264
1.5236614985982582 -1.257999451848389
2.131477592367482 2.9121220982717753
1.0377579045453413 0.283333349092363
2.2744943794049086 -0.423891872605663
2.0184291558860328 -0.5597099163595846
0.4061825222651179 2.350552969919865
-1.123544238392639 3.7699419475561786
-1.1707608542248376 1.500262335568356
0.3978627541819443 2.258949397970271
3.435391785703231 2.2889124763135826
0.5856950184968422 -0.4887652616886277
3.8562108346986825 3.9330135989431483
-0.9401970027977326 3.0169852114289695
2.432164017167067 1.9704859696046808
3.2810775489200474 3.5490668222983515
1.241431866548185 0.2351626822418883
1.8797000157683401 2.419502740081077
0.4245708814464662 0.575079539944809
3.659339960625182 4.065295210093246
-1.190065705628996 2.223212239988698
0.9272812507089099 0.458077756018601
2.1000985783527417 3.2691279452125337
1.9096007127155414 -0.1351370748524903
3.2534147308857104 4.0603000612432245
0.0821219457974091 0.3037691213672821
2.3850352565348305 2.578361786081469
1.833503120470912 -0.9290161847596866
2.008797950004096 1.8843816756103715
2.877697075821006 3.4349124012470678
0.4513159232762351 1.5270522808590403
2.1111432226743463 -1.4096789201293651
-0.3071331818491976 3.6455145819052817
3.319784309587332 2.849866791738192
0.1906814342726074 3.52586999422529
2.633352100903048 3.6373483477339144
2.840795295743516 2.98176288214167
0.4674954587475953 -0.2147160402796935
0.5021959835997396 -0.0532616762087869
0.2905512744650403 2.8246290035951853
-0.0772704432185168 -0.9432129511439064
2.91145863642344 2.696150306350516
3.2877718805888105 3.4876976136136686
1.425911379062221 -1.6385655987976198
0.7679230362931024 0.5238526943791433
2.600249547859161 2.9425563348699346
2.8396418995896457 2.80516852350124
1.8064446257248923 0.0211687350385079
3.914291231454949 2.874561121424282
-0.6355390079683293 2.2835951557886083
0.927687871219861 -0.7503123281217408
2.6136974981564833 2.34819892229088
3.8421355650223457 2.5402595048219503
2.4889962551875113 3.795959134318616
1.6066502134966105 2.5733337651953128
-1.0198438629565607 3.626754617780658
2.5865000565036698 4.2594833865597925
-0.9573327077652632 2.3130272333126674
0.7760034478210587 -1.769456303101385
-0.7474327178570608 3.2093686455075843
3.2354779735328223 3.39559684393396
-0.9682674301722639 2.3265874231506753
3.225375687546404 3.1308341644891717
2.0577595678540366 0.2776265217110365
2.3715259426431925 2.6898876154513425
0.9885417964900447 -0.7695209869278495
3.934761467505176 2.6839027530971706
0.1658685034111993 3.5408254705705415
-0.7422456107400077 1.8460066203446914
0.8239156403494694 3.095767693285427
-1.4706993939893802 3.9212559984693383
0.8272386126183583 0.6926091598418254
2.6163033189572724 2.332722575979594
0.4628991963114447 -0.0319087964738857
3.6124330255983095 3.575369598627951
-1.2954000345587098 2.8193964147061785
1.2153498347872043 0.6995024379604774
3.9585086516974983 3.3913560120701174
-0.4023363019763088 1.6181673056044823
1.2636272247879305 -0.2055745906138582
3.282150818054245 4.185443062730082
0.2521027173587715 -0.7017556784177335
-0.0496939472377394 3.2285004313252235
1.2995990617832789 0.0490290597313982
2.2420433282110803 2.518779025457507
3.472438545460206 3.707935690121969
3.8154313881442596 4.266361213435758
0.4043601409615991 3.469532001309899
0.2516689949561894 2.030550994738624
2.269462256437333 -0.6791372744167198
0.0301747008038518 3.6925024406646134
0.1723361850894008 2.401605712384312
2.860808255610876 4.126268444207506
2.808131773611522 2.144643477794168
-0.923973969547066 2.127316001581628
3.6643538912669893 2.797929086540584
0.6551537790761205 1.9922816908937968
3.6907620876023475 3.811706755986811
0.1026410800065443 -0.2800915875148547
1.5709748991662698 0.0500261955155452
2.1863385390083283 3.226343003848555
0.5916897637708219 1.6339869549051993
1.7173144075315574 1.9078520357949436
-0.2390715068566403 1.9391658187258638
-1.00376920213296 3.4705581873501363
-0.1311004866533428 3.4050529928210067
3.1514271222295074 3.962916866051065
0.467302510802057 0.442100279968244
-0.0724986559635844 2.7526406870597837
1.3116573957973532 -0.9463916702896163
1.826369886819751 -0.5599677309361997
0.060114872413911 2.921112813900899
-0.4326474119854601 1.6619884279342814
3.188529857645522 2.00741418470699
0.2890695043869621 0.5659303449220601
0.4681984541968866 0.3994242783875538
2.6545066344435675 2.4618179558693796
-0.0592762918602222 2.5846132094019985
0.8107378999202823 0.3739303332018033
1.005306273221854 -0.0139251723990237
3.039502873492156 3.8878370087831784
1.9778226803913843 2.4171189251538614
3.5618581188256613 1.8853670765528314
0.4550925260696222 -1.087960259693981
1.5248516790622582 -0.0182483117499269
-1.0424625408810748 2.169140177500894
2.042618901809814 3.9241800167370524
2.0401000949620025 -0.3781897862974928
2.1172707722525534 3.173822189703312
-0.0632459956968689 0.5363470908125634
1.6066394942947633 -0.396334685375827
0.0315979253257583 2.8702524585902824
-0.9540829354585733 2.816870295665384
1.9504812941542378 2.1706711950966864
1.7292145850417822 3.1285284037244403
0.305678963522451 -0.1460315748607483
1.2759205298892167 -0.6409411322093631
3.3485881861712903 3.923216130563896
-0.5214990014267195 2.919864935566525
-1.2429274998928372 3.2696336465934372
0.047710704617861 2.3450914128841913
0.3821243452146447 2.7947637836976362
0.6154969578155697 0.2885161243171037
-0.5933828178845145 3.133829115990016
-0.7764987010240191 2.350081183469581
1.3179937530930577 0.2623143663385356
0.1264055357990246 -1.2074418339489585
1.8125015515778822 3.1606290670028727
3.2106662938086394 4.287878354248645
-0.6739324287319094 3.303270080455809
0.5952533575440289 -0.0994869145607299
0.8471666664729733 3.5374281979808693
1.9652646689454285 3.89156872562765
1.6544232132743908 -1.7431615684809536
0.8532633750013393 3.5322518789335513
0.2431392614437569 1.994579167278547
0.7858571956331633 3.597374044340407
3.9026404824819014 2.69849548492292
0.2311151090424127 0.0745973474627266
3.0342676878662806 3.4228756463282144
0.8434313854996223 2.3536957706015933
2.2386402119202704 -0.141456177326346
2.255918675559595 2.5226657525978307
0.9968941683316124 0.4668769529838039
-0.9381695931827875 1.891842961794745
-1.3841118235424958 3.1574941522446633
2.6537994152780637 2.4993300841035966
-0.9907977575183711 1.9189026995997311
1.6669740256299996 -0.3422446752335068
2.328392884442573 3.4685003352679713
2.5591353498530642 3.9982975996553254
2.0982587523425633 3.1027280067135274
3.2859223628357803 3.863471713450196
0.9694762452817631 0.3863335434800089
1.972472959473493 -0.4928781794857339
2.3135867575459645 -1.4169662826039733
3.5986491426269027 2.880024946452687
2.1781311124047806 2.260298766054918
2.1854184832350056 3.563353356515341
3.736396989588861 3.40654783251139
4.097403859269237 2.155809237733912
2.8305129625873984 4.282533319512655
1.9782156515941418 -0.1669241775201983
1.066109793483524 0.5824669738751665
3.1515527267554573 2.3682764386352244
0.0791089022391885 3.263242923715509
2.0188193908299974 2.234066246401344
0.7434738355979545 3.889260052837516
-1.4342484076045634 3.384417512474796
0.8941519804184311 2.8750021898056373
1.107013353108258 -1.3057578906107437
2.938692667668941 3.4549537696938857
-0.3025890368447179 2.476972850114535
0.6302539983130371 1.5376778061807295
4.074726978604319 2.6121866713249475
0.9139410160490938 0.0486180212706661
2.1456972640417895 3.1436102123992753
2.1921873408133927 2.4645446054915308
0.6181575678457348 2.029322455918744
0.6268147183449493 2.5811298743677793
3.176294320796028 1.8218681802516783
3.3342829692523086 2.336175832848983
-0.2019511034160405 2.5630453776489746
1.6502583277431357 3.9510481565521123
2.0759367272588216 2.9862665866352445
0.8067020744607659 3.769853985777138
0.4792166612913441 3.4535875275167625
3.3133159998569326 3.0717803836465314
-0.3966016999678774 2.911530614177091
0.4011774061228178 -0.3392587906596302
1.260352087459899 -1.3104321329101223
2.2456897099804056 -1.0768507108078227
1.9187355608293282 2.001314775722736
2.185987846939232 3.0198866257812678
-0.0926078842128212 2.5771105950316917
3.8689966477239244 3.9791553038315586
-0.7005096801324681 3.287540576513796
-0.0377170992196179 0.3302284860035738
-0.9127274426275342 1.9488350455883683
3.9948322065930437 3.403230641144511
-1.011331811837064 1.51809522719562
0.4483534779459796 3.0016066197743716
-0.0555102654096641 2.334551061919718
4.073549599464254 3.0828523695689496
-0.9393007768166305 2.543408096971024
2.8743212194073844 3.239933388294769
0.2320334748320954 -0.8383841555315747
-0.663971451271346 3.400756441081671
-1.5230634327492139 2.985293300688257
2.8156703400969745 3.285124444372383
2.036666166502712 -1.5895749691708638
3.5305262772115413 3.7830266134332433
-0.4030554029103037 3.786442099862697
2.97860974927737 2.388941603302723
1.6877904533378183 -0.9433785000702248
1.0710028854150875 -1.3735889003496935
1.5423522323877867 -1.1377292674413204
0.4540702943730707 -1.7870339259772197
3.082089009665211 1.8004404696297045
-1.210242502981636 3.333944108205579
-0.2706046664490638 3.539783592441568
0.1345355415243837 -0.0344173168838739
-0.7059602441003046 2.8264513820784165
0.1676295896899956 0.4937922551646092
1.529884513973844 -1.7665249067478839
3.5215384898243576 3.121925480597271
0.4090519887418641 3.6598223692139693
2.3741176997548887 0.1108230992369414
1.4158254796614926 -1.6786006344576527
-1.4260345369482386 2.5625154877286236
-0.5881331338398768 2.364015832790791
2.8121245596439235 3.050727587254537
0.5975944011543309 3.3309129315132537
2.341095709998898 2.0669058820503188
2.682582914355379 4.130220803379874
-0.2759893584216792 2.854440309038393
0.0626845829210084 -1.4744038325783075
4.0147686189918455 4.277542603549234
2.6001094205370032 3.190425685134741
3.969428885638866 3.365541458319271
4.07492063496338 2.125054624248448
-1.2822749662009825 2.1287890496281743
3.3925504129967234 2.076345224607312
0.8149172592077868 -0.0197088911516862
-0.4983172365982632 2.815230474638276
3.4626633664327247 3.467944852221854
1.0475192463099736 0.0613344756639511
1.5241386260054066 0.3972956827789499
-0.0966189299438143 1.62129734460357
3.5602413900198866 1.8643556632945768
2.085270828427344 -1.4657018725723507
2.2636309457727712 -0.5781368618201815
4.0769826645607745 3.6947137665350924
3.9434877587743906 3.5251179647797426
-0.2303466548471384 2.540381885319306
2.6003291299961298 2.6860310328537054
1.9129253160474131 -0.3502398584501896
-1.1383855231004578 3.0704575463595964
-0.760734899578201 1.711087250304065
3.6961642084857615 3.476041979150143
2.5772245740138144 3.405762630240167
0.808223392819089 3.479061527064424
2.628751329932164 1.9757923513245284
0.8209667572205486 2.2547148118924616
-1.4229179554208184 1.876330964308352
-1.430723452814597 3.0681195716755107
0.287986172372717 0.6255509730038596
2.9768868083089 2.0083965967024464
1.3179736758304101 -1.371176483760875
2.967170737182312 4.226306389845781
-0.1001381193944458 3.6499001492039884
2.601509415226289 2.2913720196900536
0.167878091743439 0.1945199400895568
2.8621878147865596 3.4054535438889477
-1.1581941579523283 2.115088103461463
0.7014024626215442 1.520977609569364
1.158667666530741 -1.304046624879572
1.5594256215903817 -1.6363564441596474
0.0866427149513039 1.7800947854852618
1.1039360696105325 -0.3202436303842374
0.6512385464640881 -0.9118610574343146
0.0111313769555633 -1.0406619679566695
2.145624889757992 0.4339116948330642
0.6875882177630359 -1.2800475092676773
-1.0440187173758626 2.6863713977412504
-0.5568938146097839 2.185207024149329
-0.6197804057906118 2.7088155036565893
3.2533759836933833 2.6915234943454127
3.1297676918649824 2.650052167097472
-0.2028708966597263 3.084404103273303
2.1216930449809297 3.6968623661893467
0.2702919255544955 2.111901201673727
3.608531972794953 2.729225159064972
2.1294804358611272 2.7514432792130052
1.6896537063944994 2.9266737681262653
2.1923656683969015 -0.0349887469552839
-0.7002483989515345 3.1063579240664665
-1.1402194837451607 2.8261275865202835
1.9533928105384728 0.1201353447506206
0.3855048457461341 2.331176334774818
0.5855709361321833 -1.4801776615440356
0.7005421548998954 -1.145141247564834
-0.414369152468919 2.841019757367045
2.078961098793971 3.3695433671115107
3.9647679721864644 3.31625681230483
0.301721751307192 1.7603777799778373
3.650398021599805 3.4054096757959034
0.0097387755116981 -1.033662363915065
3.965272132149006 2.806227187774852
3.5871004437228895 1.847067523063363
1.0700506276002444 0.2741914241261868
0.117863737606965 -1.147715935216281
1.2619602933477228 0.0539469165228816
1.7438613853677345 4.198434108999873
1.821650653248065 -0.3473093502625008
1.9010769835219072 -1.7159603450926153
2.420019632270585 2.787955211276862
3.5919873719618436 3.2372612208887537
0.7388328297916353 1.8943683836500227
2.8579793778557345 2.160527609801825
3.3814515272993373 3.32714323232369
-0.7459504817347018 2.588988171799761
2.968485260017921 2.1345595486640607
0.6246087551489728 2.39943142178845
0.1924627874656883 3.8024986395761613
1.2376585864805751 -0.7407661118080788
2.8711789312496956 4.256910292847671
1.038580048679987 -0.9885116640713367
0.1675542329126639 -0.8288714273474
3.438540639338573 2.4615391849175245
1.189530106858534 -1.178367671675629
2.1565035215685744 -1.3197560709830976
-0.0160990059103597 2.55143915131291
1.4952285719349696 -1.6493461102254667
0.648547234464433 2.158361031015351
0.3192087781886526 -0.3266574787289873
0.7142550979285418 1.5174788732804598
2.0553400779032507 2.4174955414399566
1.5979433400444198 0.6151204967090023
0.4295859157874777 3.6164716182365266
3.2183912528455125 2.773293408623657
3.6504546239513096 2.832693787087927
0.1236303902066829 2.9011551799617825
1.3541064541068208 0.1368492949142987
1.9718622247321187 3.89595690961564
1.6551820903434402 4.209180716449295
-1.2695926743909625 2.911661895028897
0.6440427174196823 2.29229450347405
2.3100126584296983 -0.1342843600978169
-0.0723320830096357 3.036275281234816
-1.1007690668199348 3.1119075048091682
3.8638773195848595 2.7418153682750503
3.144475609359054 3.660976146921259
0.4728882655284611 -1.7752210438906795
0.5083430916385985 -0.9403664131193308
1.7561416706570465 2.8167793942682464
3.246905355764085 3.0236860535936727
0.4327449312766317 -1.5023870924237646
2.041505219221543 -0.4483102127944214
0.9996196871333859 -1.3318315621926988
-0.7722986442399866 1.7010516141064995
-0.8687535244189896 3.966691724695776
-0.026722085099843 -0.9349586039601122
0.7278381072236455 -1.4762139039804203
0.6682371320614026 1.739828679921949
0.8704777945557463 0.3444550263805082
3.7431032653199554 3.8132549019265007
0.1478675170699952 2.288923995365821
2.1279796355913594 0.6732577568050727
2.6400670780831406 2.3061076159011944
-1.4118116886986336 2.613843688805726
2.076997665889438 -0.4090358891623975
2.63819641088996 2.134778054599347
1.6275532452824997 3.677154194314895
2.414643009390411 2.5463672233251766
0.601395777356548 -0.9812534317214215
1.719323046113316 1.975099286410962
0.2062987653328048 1.569428170549549
0.0429312437617251 2.9271983178385206
-1.1003335183566387 1.5969105158831518
0.2343008136706653 2.8314937818316577
0.2745236492300689 -1.5770880506181097
-1.4913022218056216 3.9221585055619848
0.3574394778521597 3.8769603600061813
0.2804356074992954 2.9067340598742213
1.9939921154003992 4.159678646791619
1.6706458584749266 -1.1137258256999332
0.7502191163476541 3.4177281348173008
0.3473289222474226 -0.859136882098473
0.0024613946510559 2.9945058671358638
2.175390397795669 4.024861703764885
-0.2084462639393164 1.8375278661548282
-0.8841815014253056 2.9834591367558665
-0.5422239292661492 3.0329456672212767
0.271058676311417 2.111683947646927
0.763250163226285 3.730517622792455
1.4717591710047573 -1.022681218639694
2.681282583775166 1.9817733843375236
2.307411512122865 0.5062143870530053
-0.0955442173311686 2.8752728665745075
-1.066473675159005 1.6444460540737063
0.828607946061078 -1.0107412579949024
2.906229810236482 3.700640427180172
2.1542211529438102 4.086170490928205
0.2655378120471698 1.5673761716274577
-0.8197669542829881 2.1382819241237843
1.8516598671149989 -0.8797903704054936
2.051583355409121 0.1836747940537097
2.284690297754929 2.860059291889328
1.6690010711256411 0.0268946226982559
3.5802517986802815 3.348159628201161
2.120082259066158 -0.2893185508932397
1.8800605249484663 3.1650086293695905
1.8072208230034106 -1.071027718463114
-0.2394708713565984 1.9973509553569782
3.866906977836946 3.188303994041258
1.9214505326348095 -0.4991256250722548
-1.5958628263685428 2.571927829102537
-0.3585167455640523 1.762664892649564
0.1252797688088975 -0.3861310473500584
2.2045117600566506 0.1852691357054073
1.8022119072034744 3.2050845588001016
0.3769477460814148 0.4749260669541603
-0.5429088436207997 2.721259483227794
-1.332651788271937 1.9859756423620796
0.9258234869496533 -0.1947558283836328
-0.3937893129146554 3.200433637820185
1.423544349186756 -0.7628388888706265
2.360362359225122 -0.0764056010233134
1.7200380361090697 -1.3549172965841905
3.335185922014955 3.261882574489275
2.908414629413041 1.9227929301781475
2.2241552133516134 2.0568740881553786
1.2975072744883536 0.0088798589971019
2.951639248395445 1.9768649410520893
3.4709158273102916 2.263791860636078
1.7220411385491985 0.2379011341947038
0.1640010786317866 0.1201423084729557
0.5902109975871117 -0.0803093230228482
1.9647752272155672 -0.4736540789538293
0.0221179783005479 0.0261728381868799
2.0620105453898905 0.5502907979204833
-0.4452332382593677 2.1676455426461407
0.2530185860801309 3.633981895008025
1.9683465233513873 2.5946642734655705
0.8356280437441707 -0.9395020131404332
2.4464608819877025 2.592103477174331
0.3862967167118688 -0.9140300686258466
1.9700592485843536 3.945699437008342
2.244556693098339 -1.6539590514253133
0.8273959952706283 2.291728301165189
2.6124440048419837 2.8372116599303734
1.7667629552121114 -1.7718933156748715
-0.0690070550095585 3.93758086788616
2.9063279495263568 2.0035191606455505
1.0596932493411364 -1.351574593894652
-1.16142547645672 2.7877273939885363
-0.6717886343235508 2.5691363255970274
0.9188447924767287 -0.3481796034980257
3.0820169663790167 3.568602752500219
3.164261710339469 1.8389240712856028
3.227078804851443 4.258649477730513
-0.0093789094228866 0.446832218256262
3.487256240511762 2.010812022221812
2.356676996761204 0.1004957416517423
0.6297232847517624 -1.7419148056182423
3.375067640703344 1.9183807717203512
0.4530386411437522 -0.4042323771306417
1.2396468650345602 -0.8321862994238531
0.1621790177602794 1.961098882589398
-0.9104864901906032 3.547423787167433
0.9348575061982086 -0.5400832931192414
3.9082630296164074 3.1705804183833273
2.193032341041689 3.2990441386580023
3.447939951421702 4.2608740673924865
2.6365011228959463 3.2860688337572244
1.304031369593481 -0.5334265532415124
0.7663802717965921 1.81153502196993
3.7568618960657405 2.9267466400772926
1.803799325039957 -0.7949189383573171
3.0613123640532085 2.85306135839834
0.5357684940730387 2.8778307760583517
-0.5312887206641012 2.6665823392730164
0.292796567154492 -0.2147299781091677
1.4125442090754017 0.0749657337170618
2.363547775416073 -1.74353809732677
2.993570041628849 2.5934371549865105
-1.0907201573447403 2.5567571261719464
0.8835215201191202 -1.0228705363839135
3.9971727418332668 2.7684474736969618
0.1278866490799603 2.543521628412996
0.0952900055772407 0.3024040701983485
0.0537069998787562 3.019292872022494
3.2873663388579843 4.094643700757566
0.7042569127229835 2.6287733028515508
0.5619911382890742 -0.8744103700615827
-0.2904189237524631 3.6821745896686253
4.019648295699455 3.908582637372408
0.7688587308606131 3.331315689142046
0.0165356190638019 3.83296319503791
-1.0136693063205857 1.8574597168228104
-1.086909842426394 3.9324278553135654
-1.3765883315559746 3.0891187531097084
1.54089085395042 -0.8998810750574575
-1.046248422762571 2.850017247552761
-0.5426129393949073 1.9298473188268086
3.14404775036305 2.4263914684498533
2.278386639906804 -1.1085348109006141
2.8245400168132817 3.3035191014261303
0.5618068149030815 1.9768558743461373
1.737931125914623 3.181571919228288
1.7432433021737468 1.9581012853587156
4.052418493431493 2.6707919169554386
0.0586744212966623 3.6970921659708833
-0.877338808944374 1.5986032350037096
0.2882245924947412 3.871929856296457
-0.782589322660772 3.6774619834440965
-1.0247868815256782 3.2834968230984756
-0.2825118973997831 2.7645242395666063
1.2314922981163459 0.2699642071366597
0.4630518116520471 0.6572181762555941
1.7824466644007364 0.1416330320601907
-1.2932961112728478 2.5271293966021635
1.4839989004985366 -0.3181860149045439
1.9733694623197897 0.3715890463674308
2.320401549381915 2.591284655262978
0.3501560546348244 3.845409609593252
1.0506243373647295 -0.228896224991029
1.795359063322206 2.8980552756946896
0.1097589187666891 -1.727389628911528
1.9778108180811071 2.2620924705124055
0.1226260919937863 0.2488959142517584
3.0280083105047058 1.8813266902231331
2.755201364687782 2.9028506256060265
1.400501626647333 -0.6540646039050799
3.393376757533364 1.9134411439055543
-1.4800659060762236 3.9042372925556923
0.6413398724040092 -1.03954199712349
2.0277002480654223 1.8106301787873202
2.7556628246417803 2.058626132180241
1.4015523525910119 -1.5385889306944076
-0.7064369081544564 2.5072928962476744
-0.7121766573269745 3.342698034575223
-0.9455935164143768 2.824602326816898
2.3358329461508287 -0.9441462605362798
-0.5513271554206061 1.5869765116099643
1.6865771026995444 0.338514655867035
0.1702744188970869 2.763003901607823
3.993398855251706 3.257504664003429
-1.0251566876910028 3.361585718382893
1.8296671856740998 2.9302274721728145
0.1988785485108913 -1.3871237560587455
0.0329039716645711 -0.8458130025905816
0.9570405703342421 0.1047008014926276
1.7188032756333238 2.2400997953895287
2.2343664303087025 3.7430846020413022
1.2172267674762673 -0.6871523879515545
1.7806568115841963 -0.7757947337285949
2.938332685584723 3.132917879099429
2.0960960939534368 -0.053088446199869
0.7389965509884193 -0.3977492580759487
1.4308788195498734 -1.7987496790591149
-0.8410302705152582 2.894758600882492
-1.009003997430803 2.9541212819929523
2.6122209603742315 2.29148951181769
0.3174069815102878 -0.2580213327195073
0.6912601762391236 -1.6835155592912625
1.068070004561991 0.4099840244500788
3.429387238458419 2.5146911813550816
0.9811274796969153 -1.7816657401896654
-0.3125844794485719 3.8303707492367267
0.8576032645627859 -0.56050004148159
0.3484016714193397 -1.414543550725079
-0.6095028310579143 2.863766507277646
3.762653619617147 4.270912300904185
1.9412539356594543 2.9233645011340377
0.855834860667737 -1.6187418282413055
-1.2989972153981124 3.1364462589170623
2.6268194459827705 2.5349820459585435
2.5296377967644212 3.0442508123235363
-0.3368882542564289 1.541762064608757
0.3619129260970113 3.172599486284453
3.7078296527328582 3.4397029287030927
1.358055932035445 0.3884735706226741
0.301937921329532 2.4320803065658865
2.5493887423910193 2.4767937627016967
0.6326241712957857 3.2084468488108486
2.88729765890669 1.8721349125785216
1.7651562788165298 0.0066072745774415
0.9376512459422413 -0.9053731644375989
-1.4314225498256787 3.254815724004647
2.8344702914028193 3.8467301118617865
3.5116624663996907 4.072179583267409
0.797235843488292 3.398609743866019
-1.3570288065470153 3.046446063341482
-1.1056906134442177 1.9958239486857188
-1.0014995796675377 3.241050272758193
2.8144939177624653 4.054948235267706
-0.6592984582542847 3.522385993858711
2.4103192225943633 3.0170233390159136
0.1951707224388942 -1.0685210762393087
0.5417456852157774 0.0211277822488304
3.643362348130544 3.489274423366867
2.503135329801935 3.0401918028846677
0.5598452569980252 -1.080473946355279
2.185171784139488 2.2290460472178917
0.0023868269249491 2.8391658211993915
0.2277988675438187 1.5288214799256992
3.459690551424028 2.01899136921763
4.089975273753594 2.2848343986865447
0.7608176816429127 0.638204109710156
0.2999952737284909 3.7033861021137535
3.9704216658941665 3.596199689274348
2.005196748029874 -0.9586885142338197
-0.2207808240164919 2.3658410932418694
0.6960648949172717 3.98310623527872
-0.5540074167623519 3.875630931813792
1.7727129339767238 -0.3610957185458479
2.1347479515126384 3.7029564389372305
0.8786192306592033 3.4093074601949054
-1.274433394258089 2.2086654317962124
0.6105059422932094 -1.3471692675638514
3.9289200641233917 3.68778205211194
-1.550020589226841 3.720945831955792
2.2752200749005302 3.1446428414413834
0.5713597591051118 -0.6334256833548787
0.6828298737750296 -0.5915000935629167
2.0784084756344505 1.9299583335660635
-0.0568400375379865 2.689354871718859
-0.1812740984473524 1.9268477151935834
3.3989968152440397 3.0774535098880365
1.0516715052592083 0.641502163259072
0.8580239839092777 -1.2041226283336695
1.9461202384384284 2.917156947285865
2.3585082276089393 3.894303279344259
2.162238336453572 3.6581253633560977
0.438685144414964 3.236406645882857
4.068081997134438 2.3473534021381557
0.8693300542135204 3.692338455578516
0.4816618523968291 -1.2504012249296197
1.8333092857826077 2.2195181500842858
0.8546056894886327 2.825899079660941
-0.9131024273085147 2.885940565192402
0.3841269756377402 -0.0232022837636737
1.867403656320171 3.0178151314753037
2.7632733491526804 1.8149596961008425
1.803425573812949 3.3517928363384892
3.523207324710887 3.902201096758348
0.493853798919268 -0.5078738335063628
-1.204499497135252 3.183422816672073
0.3773773750700628 -0.1958407910580855
3.165066084158393 4.134540161985471
0.8316907547354574 3.1990628664473255
2.300996555068031 -1.701226947138883
0.4154624938776708 2.32847209671446
1.4981986991301879 -0.948464895707362
0.3812594874815671 0.4644985188099893
0.2235158618536285 -1.049494138213762
3.131075472501335 3.7291888465167253
2.0738409883869338 2.8569277610843082
1.6730876124089822 1.9190226761608757
2.379798669976471 3.915060087055744
0.3240288437619252 3.3061014951894565
0.2067983421351217 3.5148713311125364
-1.1932864954693616 2.304864718550529
-1.3907563703048385 3.5761056226568453
1.1486750878759864 0.258760707071209
3.8015282002389763 2.6659491918044957
0.029704195635236 2.0536481794703567
3.579524428909815 2.0055023352914616
0.0227067082151755 3.6771974953739752
2.952698962134366 3.560314002448827
0.710226640828656 2.9343107301591087
2.2618306590512818 3.1010445077041866
-0.027964913459622 -1.43415188369781
-0.712804248547884 3.2387813503328684
2.204090977477752 -0.257219606276958
0.0180123145221533 -0.459538183782154
-0.353151948684641 3.765086283464269
-0.1673809006406952 3.162595221030777
0.1285390771478282 2.0217435189808555
1.274811328110646 0.4706367027940279
3.4127165579829914 2.6374149587756928
-1.074048339301328 2.215524421888329
1.617214040406055 2.9226737365470763
0.8330003605031434 -0.3500204323953351
0.3122012561414563 -0.7986436409204718
-1.551829367914154 2.2621590579338617
1.745800401511912 0.6208751499627873
0.5777900735215074 3.7772086320921394
1.508148191060213 -0.1067254127012593
3.5182327654079235 1.9445014268169611
2.2115260101146013 -0.3434462306379573
0.1779746168178831 1.6802965646552002
1.048847165371505 0.6859714348145001
2.220256873576634 2.9474710613726747
2.399767094394011 2.2882833518867933
2.1932146044416596 3.9513798322791063
1.8420967189541064 3.0941996566821253
2.212535252210135 -1.5932603326874197
1.2735432279397043 -0.3488598053546711
3.063711603907375 3.9266944393708454
1.9064018838746202 2.3705541559328887
1.8103483600918626 -1.6078686233179744
2.1379100737042926 0.3168300027888889
2.29786695885628 3.859239299276994
-0.7028515457689664 3.9488942055385188
2.2879229939882455 3.3187610111943413
0.8955039771159419 0.2978563992215063
0.4210806659515873 -1.758667731615144
1.629628856601276 2.912654316513878
-1.3600079109121523 2.336797833293671
3.0314460697099164 1.984048922890091
3.9771594420996106 2.4448947962530196
1.99579111709553 3.8364935454270053
2.997188784069477 2.698929944880473
0.9906607739507132 -0.8803388223775842
1.950585252445511 3.2753379250142767
2.0745668945200526 2.688963652560849
2.7386904725353642 4.238238149602642
3.9613581165073635 3.1915297756860435
3.4773879645409123 2.549228990850413
-0.080851530379147 0.0068657812386439
1.9911982957692502 3.6369684675124447
1.1188321548473208 -0.3048497906899507
-0.0718455005098188 3.680250540174087
3.2454148267757166 2.64974184371819
1.6625222625128433 3.4930358996819835
2.700180111771845 2.7796697968428306
0.5316321393665703 2.4685358593003874
3.232414775675529 2.845256641155268
1.9566272142437828 4.266028151750875
1.3286075577369167 -0.5852165248381
-1.4340793954370776 2.4139783630747633
1.8844578555857987 4.213151878465482
3.912179037821409 3.5617771408730303
0.0663513735750976 -0.5735163332090751
0.6695333435048795 -0.1521445625606606
2.922206850046033 2.522187525229587
3.943601231838811 3.1914995462624893
2.768636490047562 4.071357471689148
0.2376557259575929 -0.3035031451799746
-1.4025450914851407 3.1563031866201876
0.0430483628897828 3.9669246292382367
1.8705735823952703 -0.5330768583809221
3.1722746283716527 1.9969261189492473
0.9313112386598037 0.0238787016841106
3.8093537116025216 2.120935787495308
1.0712751645409266 -1.5772531434217514
1.7524718490825282 0.3382498689261012
2.762583672315341 1.9921545538583483
3.7961385951148645 3.766583360642651
1.9793595299908078 -0.6646797823998042
0.7187640553091348 -1.0242958994878564
0.0894640278899407 2.8853572669665737
-0.092386996717317 -0.2641601440543646
-1.238989466228731 2.5429414693466144
2.4800364599613016 3.676037147609754
1.6964328573095855 -0.6882292605699905
2.178732980628342 -0.5343399789210468
0.360042085873162 -0.4611415410980917
0.1596403859663316 3.2182902660271835
-0.3466931173007081 1.7094945593325308
3.9063387931181732 2.772886413432829
0.7935379546055089 0.0013672807469705
-0.7097077875455404 2.272661649673974
1.604648392842026 1.9412614342351635
-0.6648325069448103 2.1088484503053646
3.959891806937341 2.7654395588529863
0.2862688275419921 3.355424702608694
2.66441284572607 1.992902668153416
4.016006414635591 2.8929152662870097
3.221806931303002 3.9697220845234766
0.2315317476529392 2.4724847110683608
-0.0080556113975474 2.185010680281549
3.531087383392033 3.2802452535764677
1.7732042218021176 2.6165257826386794
2.258368299267057 2.3970412566621495
3.8070217230054144 3.2408625467883003
-0.8204229723761145 3.232096458647814
-1.1313298358571613 3.441512197564703
1.310760335229306 0.3993264119133841
-0.8483007545617246 2.767389467408163
1.0414618677661305 0.6195110562273001
1.532373430701934 -0.3255563744115903
2.8679060167205224 3.7358147256523786
0.6710119997950834 -1.2407284159907246
0.1644600178401828 0.0940360425784706
0.50449007010981 -1.0222746145459236
-0.0939441935337812 1.7407458162966203
-0.8353948211991642 2.523028382126093
-0.8812327411273984 3.5760030656601667
1.661167613982917 3.7845179424077586
0.9498137728776486 -0.4309617372123052
0.2860132047059146 0.0684841368966294
2.3456041948792854 2.6073284270043033
0.704236041923768 2.6334163887124946
0.0130510520808447 -0.7513734245845796
-1.5313412016422219 1.8591164475804678
-0.3701031871023272 2.4263590879439656
1.9720969847594498 -0.1080885629423487
0.0048685067126283 -0.0047632498860274
1.5681043744740801 -0.4639611192986241
-0.0145310888377022 3.493072797789535
-0.0639577479189154 0.1263916014139239
0.2657401923237544 -0.3486252771952748
-0.532533851171703 3.181252001583122
-1.4296156206640458 3.0141664299980695
1.9765369276766054 3.1204642221446233
4.084762673177133 3.2808982447027426
-0.8596328994013508 1.5272344505929252
1.6672740753063355 -1.6975139984505696
0.9245075848983773 -1.7155884000184385
2.87486883902952 2.6235504582467404
3.8426322268452258 2.305450274956083
-0.5546696421384986 3.799131001051688
0.1392461757280029 2.1412968209358656
3.090954104706897 3.6788989264269767
-0.0692647632139974 -0.9834924884328088
0.5208191699632164 -0.4586606696392954
3.523288113999196 2.049160871710784
3.0175238842217045 2.6758604792289513
3.3988795494902733 2.80543714559959
-0.4217962523941825 2.5001244730301413
1.4157584681760205 -1.4495072178652089
0.4021606385936901 0.196995123700089
0.2037657123691614 -1.7661832864587639
-0.6765584068396538 2.4596759134668225
3.5558646899583746 4.177620144613152
-1.3982816069162944 3.654961865015594
0.4391465635489796 3.9747010533421596
2.65090652333399 4.035228440718842
-0.8866332079842655 3.2995454749325206
2.271465119989081 -1.555801961096811
2.742903588984639 3.983958108211941
3.496886899411758 1.8285563171215615
0.8458111025607246 2.0294737902010347
2.304289516462494 0.6849630036593297
0.966123449658966 -0.8873571447785042
3.295830484467 3.0317917618286865
3.5360119682722044 2.0231160717183068
-0.7042326678413756 2.6821016381149834
1.7424599572279709 -1.763927917298687
2.1330831154201246 -1.3817064998088178
-1.478017906629553 2.4142857259843775
2.784063767048982 4.07895683759585
0.7088035456001981 3.39591079726514
0.4771277615534546 3.2407400513372293
2.797517816968286 3.8291251220227838
0.3391737666587783 3.642337242248242
0.6866426877335836 3.293366965953585
0.9073271799655421 -0.6792162475404244
0.7675372463387445 0.2970470654621575
2.609406510447975 2.635367493688624
1.7240986971232592 0.0602484219953586
2.4014798221835574 3.989661035823731
3.665178654003262 4.117929940466149
-0.1976852502671735 1.8651967470778066
-0.5131257919880775 2.5885950086089347
-0.1227985891928807 1.999210293459825
0.0041510558494776 3.121270585978139
1.6650191181888851 -0.6973425846266756
-0.8442448563193955 3.597719923335196
1.9689379297629594 0.0682691414139512
0.9677700719035335 -1.077379161767637
0.015039328853253 2.1671427105928456
1.360405005857585 -0.1705766456014449
1.7504008821540473 3.216193501878957
0.2738139817737571 2.17017747107251
-0.4906208344581381 3.7813457476350556
2.9643250279486817 3.283090594424545
1.0636148734044015 0.1726322032184287
0.1672942606147891 2.8565459604860974
3.050957497695619 2.4669061713418605
3.4168990453860375 2.18584838810987
2.8024187207048037 1.8222360830513034
-1.4500595725777683 2.909028549938085
1.3312270326008497 0.5244647663292061
-0.9368746700933304 1.5779416199160057
3.7559708254509077 2.267111545282132
3.907744604529617 3.344219004324436
0.112100456273122 -0.5520548795434682
0.8823476749824828 -0.5184245422329449
0.2386040272594936 3.36158237579474
-0.8022504437257117 2.0817099243103514
4.025599035863372 2.447973329350418
3.8814701073862943 4.185804811485851
1.0688519223385557 -0.1426876984815231
2.975912481547325 2.779852002582758
1.575186086951621 -0.5141900106126642
1.8353420525807023 3.8210706855005947
2.434339639680335 1.8006357821156953
2.7877945937197257 2.013569635978642
3.3802380127671023 2.306715498525886
1.1189301519570871 -0.930431239143176
-1.532058415139162 2.2599955701799144
1.912922256242037 0.4066082335657221
-0.5415395085095723 1.5408961973222834
1.8401308819446274 -0.6263198476483308
2.1049831497863853 -1.0172497692060585
1.2342193274901707 -0.4252276492988124
3.865918601006684 3.1102371926256556
3.188131932076275 3.875799923560481
2.5156177928227765 3.590189639177146
0.6524478518529995 0.6758320518315682
-1.0740643937745944 3.9438100815756214
1.380758945034912 -1.3820511780952573
3.8328577674042954 4.16361105160249
3.627485754417231 2.638487175643625
1.5814371132711866 -1.076565809779385
3.4573875661752425 2.9507159138721657
0.4146675499426634 0.5722167146385353
0.5327152361787253 -0.5501716029602755
3.6857478148007456 3.55232468665833
2.6968667811247475 2.7354955075315095
-0.3651786159469814 3.337807086359191
-0.1550158810221081 2.1616192392540117
0.3742142375648953 -0.3035412324856465
3.2456392444755022 2.876815177037555
0.7355884267311956 2.5275891197649822
-1.3023290565996344 3.6005920381981453
0.4553975017788081 2.327478210460171
-0.1059240790921673 2.647115863301582
2.4696274781246608 2.7169502631661193
1.672931623608261 1.9011509053555062
0.2030326131216881 -0.3866980569021252
2.55822554140133 3.080655860636219
2.550309230426512 1.805537730445332
0.044697222655492 3.9341511137868643
-0.6395861188116271 1.6220286840655105
3.004348302029668 2.768972177228724
0.3051414517321799 0.2057166914305898
1.1619282809469706 -0.9069100308003266
0.0643234280470811 -0.2952273235340288
3.4989979814436203 3.55453883604724
1.8453747608173525 0.4604013907106557
3.7069421977597914 2.19199686561125
3.544345998616015 2.4714420849117316
1.663237919045921 1.9517867381865324
3.60601841908645 3.845969297921145
3.7161415079166695 3.866614606431518
-1.260130686944195 1.60174625222389
3.898513996567552 3.3982241669586584
2.0332067076918343 2.8339203158735353
3.004212515392073 2.5363468528156323
3.055646685080689 3.7687836343508927
-0.4109263883033827 1.8137761890347681
2.0858501538050365 1.9223606022086803
0.6734275795475889 1.8655147872008204
1.7680084277582118 3.2424191851444566
0.6964185047555338 3.1742914165796123
2.0183985193632226 1.8986063514203713
-0.3213513913563849 2.3319844465360333
2.3981983122560666 3.9935205934371583
-0.9682262870411941 3.6970397269057163
2.166956581051694 0.3949895290227094
0.2880657941866142 -1.1968942019339859
3.3005967869943933 2.8917537695285818
3.412707801423562 3.0082872595860635
0.4166819937804609 -0.9121435189022372
1.8291617284142907 -0.6219681475123944
1.6277497694646281 -0.2921898315074287
1.921745014979382 -1.3385661316168864
0.0283448778783137 1.6002308215910648
3.978655170975537 1.8687833753946845
3.345255019412102 2.641742919781907
0.7507940059335406 2.822869646338266
2.1430472151618867 1.954527829900542
0.8552985952821865 -0.6004513511633086
3.5878388984060257 2.5772169316042564
-0.2082688479816829 3.50100789976671
0.7207566264357178 -0.5342597802566642
-0.393931174168016 1.6372686524620794
2.103664282794245 -0.489397933002047
-0.3217779391603637 3.706135738630323
1.7906045549750156 -1.7197823460939383
1.795758388024696 -0.7451023461687714
0.6332279759634158 0.5736389025885151
-0.8245821389044874 2.801431084441578
1.9227633913149051 -0.6733869930072862
1.6037995569291525 0.3186212242748374
0.6613164872994189 2.4426818090398874
3.3199120492240226 1.8915702597774362
-1.3667129359022876 3.2996423666440635
3.2601501657357015 2.1462169698315456
2.437214431873527 2.1707881957586386
3.8224120403707196 2.2549250662314715
0.1551551855212977 2.3758547433157755
1.0342096263688159 0.6769006887016118
3.369666240879519 2.3201439311778658
0.1953668135301548 0.2791032816911465
3.3122030444015995 2.176899301011416
2.393085848709973 2.549624783447927
0.7126259134590647 -0.8617655138892664
2.7652429205345137 3.055422569357472
2.221301037173245 -1.751419152859939
3.066033325180788 2.090575704067768
-0.5851429178872352 3.9953917988296803
2.5988917363046826 3.521656402588164
0.5660623994974934 2.5673931452646284
0.8419357476817226 2.4701314881827394
0.0287768845682906 0.5001223282500096
-1.2337409921864617 2.673006062610237
1.5634311058113914 -0.966040231953984
-1.4667743616829505 3.4595895404671486
0.0560689763193408 2.33707149030544
2.431193827255267 3.6414483500788575
3.969545366133801 3.717143227783736
3.628784992522108 4.18810280867963
-0.054867830363234 -1.398359128471338
2.3935041266926365 -1.7336454662852847
0.4638845588030499 -0.0562524305369214
2.2898096952324494 2.351915799217337
1.6055374220430498 4.184474049003254
1.766675511494931 2.4247641917184684
0.6867957462742212 0.2591307659878148
2.9730281752742935 2.0888630143625595
0.0078319501085514 -0.1545978303056004
0.3997392490862778 1.6844155010705322
-0.2690794108810376 2.346249389431173
-1.5081054528937663 3.464805318084496
1.7329853080472826 3.6944150766822172
0.8059278610265822 -1.5158864358122377
-1.089289395662828 2.2226916162899877
3.8907884617165247 2.680482089469617
-1.124617321362361 2.6843012273688713
0.0550498850493224 1.8966303352259901
4.0176444644842855 2.4431112140723323
2.1799439146087707 -0.2267283247665696
3.201689379114355 3.992709783544885
-1.1609663550201597 2.1165171659070054
1.876857227375115 -0.1294713904338458
0.4515602611434048 3.6390164207646745
0.4394861762864109 -0.0177427660986961
0.8733019097096439 0.4801353965320417
1.977073719775585 4.296969128411586
3.3782403296611143 3.837834708202577
3.8501520010323853 4.1491136189949085
2.4192687188011672 4.095359988854479
0.5620746510775765 2.425153010590677
-0.5582310274051676 2.51463507989453
-0.0492131452726488 3.853453461420937
1.5206174439997866 -0.0878609284131634
2.859571750346402 1.9234770304204218
2.9872746646248003 2.7825165693725205
2.1080974379239596 0.6423374591382889
0.4731931713416287 2.316571061081288
2.5970389279370525 2.0697298315293087
1.0606534800438665 -1.701406020527114
3.091835709437549 2.785342437853882
-1.5414920132231564 2.0998592997863854
0.7777600709717165 3.3697181270428618
3.9520444800080337 3.4885457139640756
0.0009602291576354 -1.6543014064237653
0.0735705741455404 2.4334461880785105
0.1222616645328906 -1.326047681203153
3.000910152616269 3.1695030489966665
-0.2851030673691279 3.2774512287977036
-0.0629991288970889 3.1212438030064673
0.0193143181931568 0.5914560836857488
2.445257857534807 2.7450447361620447
0.4241230079188024 3.495085814051079
1.563988613545872 -0.9798621988644824
4.050302074603224 2.5528757098614197
1.9985823505686235 2.142512922858959
-1.0836868587241828 2.9046802866435755
1.1920603912191647 -0.3780755139773113
-0.5064975128153258 3.837293868935992
1.59336790574258 -1.3171924966755921
1.1117229217631488 -0.1606552349811944
-0.28044144669461 3.35296990018622
-1.5139013091232456 1.8644171985967897
2.6789363250672684 1.8169189088846498
0.5424944822823715 -0.7017519539763715
1.1073694316593914 -1.4010440510005262
-1.0587611484782096 3.2902195190995327
2.0330769502127395 3.48703583818291
0.6863134330572798 2.1262757845415896
-1.1304946783901073 3.8580080160706682
-1.50675905205484 2.995247959338825
1.594244988336262 -1.526800218272212
0.1396824253398788 2.9060094842359963
2.2838710005539458 0.1943653819769552
-1.0368695353402761 2.946170555272627
-1.1267458575615716 3.2142209537234554
2.218659509815369 -1.6067154499895484
0.7907457503618961 3.3364697726710113
0.2562184035762599 2.083274831742749
3.439187170029011 3.238639476181751
-0.6652045771490515 2.5031047770748067
0.1972812134764323 2.2278229060147563
0.3030874393546267 -0.83332867538382
3.3158691464107606 2.7720845927684596
-0.1442666854500677 2.919670535203297
2.098823450449649 2.569285166375217
0.0881601698981012 3.3559221847394203
1.4996604563925258 0.4579411319350447
0.7987709332153419 2.050168721379199
1.9570521094003137 4.049099739473892
4.087346999051673 2.7084418479382455
3.4783090099550567 3.1858753324844584
2.6221250611910567 1.8509239848862609
4.001444375157715 1.9557302526126765
3.9938174535950632 3.627202949604818
0.0738321121132709 2.662080316461665
3.266944180424889 3.309154176067679
0.4389465111926234 3.367724438060993
0.5040016945402968 3.3300725873074075
4.089342209533932 3.526273028688242
0.6302205066664673 2.8547032732928
1.90753897857985 3.020098992060034
0.9632866792805983 -0.7364166217379442
-0.1634247341359759 2.603126652150635
1.6351542383734088 0.4039094187768419
3.187023234198074 2.576900314565962
1.7437350876559168 3.3662236647471917
1.7664902157207714 2.6482292890026597
1.97367992616804 3.614682597142716
3.610243063285835 2.6900232082231432
-0.2967760603249507 2.4809675838497465
1.7289528811222337 -1.060192177037664
0.6762919973638832 -0.1979140863067522
0.5582047150389824 -0.3471485966714022
0.474395308157398 -0.0637490213156605
0.865974379503804 0.3421101739583556
2.4237773176255155 2.2271401084193174
0.489843851363548 -0.5086254629813717
1.9438491544094703 2.3577817140291053
1.731650488152958 3.5625095626027665
3.9163350355055857 2.9784971496901402
0.1222400603943611 1.66380040237309
2.2761158979712746 2.740593605183622
-1.55126181653018 2.1283477389490506
1.3864959812444053 0.1270361768250898
1.9146416542077471 2.155601928926014
1.783873365423856 3.391051671546068
2.594712011883769 2.631735340325423
2.6463407883027776 4.045470756784657
0.2719018354112165 -0.1585798055711251
0.257734968277419 2.4443100129083435
4.062551359469596 3.394622374300612
-0.7873983710922332 2.5907171914118976
0.2484536558211253 2.5081714049190595
1.7882372880795332 3.764984863705873
2.776758519170342 2.07687221009211
0.3961639789502004 -0.4743321751892207
0.7755380524119871 -1.738959576525128
1.8923303201407786 -1.2202208869870272
0.3548464377080718 0.0442595628303916
2.740593597850307 3.3713913803248476
0.0650616826149127 3.6288557080133432
3.0007342433361064 2.5446630396145005
0.8667625969182317 0.0788359231974385
-1.1216659572100776 2.093410238708348
2.50158841496351 4.180060132571963
-1.0728990321614063 2.63344589400874
-0.0632256729202015 2.363757224599537
0.573425974200608 3.65792515839503
2.0894877100684344 3.919064918690433
0.263122721344099 2.4514700263153086
4.0317745230191875 3.78181089728711
-1.4402318022913412 3.7313336728269566
3.9132164436536327 2.377990163638803
-0.702960655011289 1.6500584079920386
1.7127981769676985 3.5885914415814795
0.8850671656770833 -1.4189000471497608
1.5819665446806095 0.3141461319430579
3.464841690740507 4.150554663746882
2.0307321704485743 2.1028823297701704
-0.8917313613559655 3.6593719976180776
2.141651001135658 1.8020913740446145
-1.3581848619977022 3.747478135156897
1.7166364720266305 4.224613370268015
3.6094023694632225 3.417033844334596
0.998263697104728 -1.4196118519267586
-0.747412324656815 3.8399173806780884
3.328694301923363 4.158705459762397
1.219255677206754 -1.3731291051368726
1.7471653856497384 2.5767944841456454
-0.8523545960493585 3.8878161353917413
1.0160105532320358 -1.2507033214750618
0.6673133010391314 2.6575042164636358
2.3716443864446197 2.928403499651984
2.727142122325266 3.0079747297771435
2.425695582967886 3.854189860007835
-1.2607827587262408 3.7944772555560866
0.9709056105149119 0.2409224455552769
4.097371390757826 4.030690756125604
0.2994814401655809 1.8622215685223182
3.7369272074648507 2.439700007740964
3.331018638870439 3.6136840840231055
0.7287593968868481 2.8493614222842667
1.931785992876279 -0.7252681025664697
-0.1786702364364722 3.3677036807354788
2.3366815086814627 3.673617150998908
-1.0508584676889006 2.476580738393077
3.026013548108342 3.5032661822861386
1.8999367022436084 -1.555239546365937
0.4109322914730109 3.1733230765225935
-1.4121926679040238 2.44651906135885
1.6099067541196883 1.9534394168975386
3.1687897210234373 1.899852580128288
0.7545438942809528 -0.3037660222924386
0.1876506853470328 0.5266982994503326
0.8764606519263382 -0.3023722924918489
-0.4598852788644634 2.367194033204632
3.3826962239008718 3.5091901229732922
2.522988912214104 3.709944020262171
4.018212006389247 3.4697528212288278
0.3255086536843189 -1.4324559165453281
1.5107022711075102 -1.731267010276464
1.7923069755229222 4.069042922192292
3.709912987228315 1.8602585403407548
0.0590776871513419 3.7030479133983953
1.8276293733205657 3.0375459919225207
0.7755833165665534 -1.4034864802848348
0.0137979505596808 -1.5004648571459445
1.8876372457444626 -0.8361176881745578
0.8167217607786146 0.0049161910268107
3.347055178014146 2.565366970187004
3.8130384144306695 2.910215444368457
0.6385990746791848 1.536550335124335
-1.5283185140839786 1.5513576882788958
0.4587450544038266 3.303765029503686
2.1192041635761627 -1.051164661843612
-0.7823645418504753 1.5787206914990264
2.272534584200629 2.635854239278115
-0.2154755356865679 3.2110341699870206
-1.3209397765397444 2.8193620420655163
2.180043424278691 4.069389943161825
3.6306445528592604 2.644799859345016
0.4108785705527891 2.529664074872793
1.3154570848915164 -0.4305240698914714
0.7203602322501791 -0.3232809250833311
2.543610827441518 3.7342715751140165
-0.545797965205653 1.6876077849159814
0.869529083194799 -1.2416880830182329
-1.395798283389111 2.834178116154237
1.1770897917222223 -0.5764914350092702
0.1503528825831454 0.6759371209515302
-0.4393878157862245 3.6895156606978405
2.1418743140100482 3.4161657728575694
0.8376713813690697 2.1538150300306977
0.4359159892998603 -0.9082896059418606
3.2109564580292553 3.9868747511937612
0.2701601027732624 2.354545200668728
3.9263550095867212 3.557460349720093
2.70898005529245 4.243554709150661
-1.4180886546796405 3.0390817176625515
2.209599380831879 3.399292762876951
-0.2022458410773341 3.049662068616548
0.8590885629587806 2.2369395423752123
3.3337990575911003 3.1036081615890416
0.1025800399128266 -1.6801445179725663
0.0299127965253354 -0.1653402283770835
3.391759768149301 4.265743843497977
3.6092591846738653 4.103237468508683
1.9891173398779678 -1.737940476367027
2.191761337549363 0.4651263209800638
2.34281325843506 3.0531788071562334
2.231458505480321 -1.0252141981767904
1.7595290748144226 -1.0777391666741718
2.918423106653415 1.846793453843283
2.707771718171117 3.2425572815533377
-1.2451498865691275 3.5690494652599636
3.639746790261156 4.225854554746682
0.4132862885197789 -0.0968294918211743
-0.3625541245941733 3.723787743060004
1.7384281082031594 -1.5716992588603895
1.7838977849462718 -1.1565655675873217
3.49284931552691 3.1710665105259364
0.1619571727965963 -0.0632851360816785
0.487070592496059 2.161845273220785
0.6238685289845067 -0.6191504358632598
3.711245406377909 3.0497550290518567
0.9334524944483916 -0.3765503297917664
1.1308721896807195 -0.6715417190799506
1.7408484424853088 2.9810777459988325
1.770061098192469 1.8806917213682657
0.3600734412104169 3.8778311942835177
-0.0115308883414241 -0.4305821911338206
-0.3882450940853927 2.240670546321838
2.0053459957326534 -1.5049621698251103
3.246066113586084 3.70719600401092
2.006428387937655 -1.7476149521605853
-0.4977604858556811 2.789044456627785
-1.0970820982666607 1.7809809463592925
0.588886178611542 -0.9721992619188721
3.0730965360433276 2.0215565689897024
-1.4894957973086955 3.2099582057116582
1.6399590764756526 -1.525392861479406
3.040952601980037 2.275547497362646
-0.2911570958169867 3.003979892112002
1.76001128005537 3.778124855257486
2.2912811898359298 -1.567559505477356
1.0797038945990145 -0.9840203439564386
-0.7336299236592704 2.9690717624511604
0.6034242098909403 2.7144963625170266
0.6182493799677546 -0.63738435395298
3.3273582495322387 1.9620337245336599
2.276435465095458 4.224964852302998
2.4027368802041758 4.264435503148641
0.1876391918359564 0.1787169087258883
0.2424392779477226 2.6569108131075785
1.9626876685282342 2.691609216308901
0.0932119196924508 -1.640029614618316
0.1622370748258187 -1.736755896475737
0.0706249984442682 1.5616151733361388
2.200083568764111 0.1420305579391835
0.6955475936133759 2.7311765461381334
1.7330569721580715 3.296934992888518
-0.4843317456665798 2.8968509874402124
0.8307591051123441 2.2678321449776377
-0.2792869096676205 2.580971037715866
1.7819637603262914 -0.569095559581127
-0.3320985175791954 3.9620157790362516
1.8971063159924564 -1.4559681928794883
3.2668188424106384 2.756309191327616
4.050196506661673 2.0139946005337523
-0.6684972018452702 3.758683874535307
3.8770604276219585 3.2847101824003513
-0.5165263359359277 2.548173912642662
1.9071470425392167 2.574962377011987
1.356688182260128 0.1365848902243828
-1.5532299184874647 2.244080271655724
3.5307387061674866 1.851062686451576
2.6688382229099785 3.2270347698320387
0.7301387087052225 -0.7645432782750393
2.12588831619012 -0.3572536201791398
3.7955698315106985 2.73073357895443
3.4890213178927225 3.1325412060188085
0.6454153522844986 -1.036621741638719
-0.7871367060934193 3.939824015959833
0.7487680658708001 2.461761822232627
2.323616784318319 -1.1788642123156934
-1.4044233181708587 3.929685863472598
0.0349178298293279 0.6224066643026731
1.161901853302689 -0.8971608906883457
3.7247073587884874 2.1732277038390007
-0.1412251401147329 3.8242435258799214
-1.1435925896647918 2.2651884748357918
3.5283208782625857 3.570020943178555
-0.7169310729452077 2.422048107788058
1.3457183622977311 -1.6475632140497711
1.2885226883829521 -0.74980914169272
3.717997876496941 2.2333112532461903
0.798856265958599 2.5492215144523476
0.5475993191896393 3.77514917218493
0.242625299830155 2.265093279938446
-0.7778335219970388 1.5897073405214326
2.3191633250935273 -0.0102199242645981
-0.5623646063195288 2.452901721791037
2.7662522824511 4.1444637702717735
-0.2346893398142595 3.8674699048504917
3.878626805075443 2.572297187821186
2.176623241417607 -1.5887339934862335
0.2631515937756035 -1.4954896337308772
0.1670872057786424 1.8176529891580715
2.1144613537156327 2.539361843486534
0.1248749212833055 2.4120239988145644
3.752933611675827 2.803663365003894
2.7228186571706394 2.95991123214434
0.2818758901067462 3.148445103716932
3.068763780099529 3.8763285663666966
1.8681568204429875 -1.6895685977684285
4.049609172778025 3.2993080040743625
3.090247901820203 4.173142668485839
2.9879947570650724 2.5827211864658755
2.388901133512107 -0.3839649661697677
0.0822561039806922 -1.5698166446598278
4.033703034064054 3.874537819344829
3.3996233731767886 4.256713992145339
2.2841960912660113 4.211465375432581
2.244879944200497 -0.1075926519792336
4.090392007459699 3.4646733062736983
1.819070172453802 -1.7129342262798277
0.5080370221241343 -1.614109884401126
2.173821318562104 3.8815016761378933
3.5818391689204985 2.7229241851420105
0.7253321336281369 0.2173244162471509
0.8484789908811523 -1.4834267513405108
-1.1937030526647767 2.784995936875771
3.5613684094941642 3.9891102016734568
0.5122063622068364 2.5506376373468056
1.9685652939441625 2.7446640585507023
-0.8633568482058451 2.1768797381421807
0.7529399161587795 1.9778361831933429
-1.4673602231690932 2.168546012333551
2.4000939935601715 2.0315917995665984
0.4191540301256547 -0.202919482522146
-0.1661937853261955 1.9800098261198233
2.676041315482488 3.311235051850145
-0.6134880145222289 1.8010520883622345
-1.4957950365322703 2.653821504672171
1.5827233009533115 -1.6825542945019154
2.8808558806991122 3.3360131931383954
-1.583141426842817 2.9251180082672175
3.0731716364652817 3.5630026052943453
-0.7918738196984383 3.2369393404624276
1.5486503880815836 -1.7127499605273004
-0.346447737684364 2.062855550479341
-1.23527329431013 1.632217018522867
1.919614474956843 2.5321942975553413
0.3642002452618941 0.3358980696957073
0.1389857596361899 3.4017817520074507
2.4343799581379733 3.4078448389622964
3.3826204528614463 2.533741023103772
1.5727642964251114 -0.3188661292512426
3.3788652486368718 2.537650063932944
0.548433738515155 -1.1794207140827726
0.3942254140881563 1.9282954032984647
1.1175178996374917 0.271299559821419
-0.8135965896707806 2.0546749904384316
0.6304731601622673 -1.2660251577667392
3.5801174246972693 4.245897955570845
2.1867070044384254 3.7406038576431015
-1.4339188679729786 3.023319090722599
2.9226649046793165 3.4433303765479333
1.8488141047252706 4.266062205948845
-1.349531272602949 3.399262439046734
0.6780003257564896 2.0527153819717086
3.9128840709203745 1.940658356956334
2.85793391627671 2.122546535921839
1.0896757927434342 -0.9661295382332507
0.2435645343026915 -1.4331309799855285
-0.1252247849426889 2.642458923862859
2.6741278202071386 2.4726141506519594
2.1296132769437683 -0.8061065250251626
-1.306153376148236 2.9741235144106515
3.164545137415841 3.593056220679384
3.794651694402759 3.9148289465579
-0.6411705093659563 1.6611366145413868
1.9007604628424786 2.385292187681279
-0.896073496950104 3.6586374406749544
2.1774822503303337 -0.7690870331901197
2.794208588865004 3.8293839218034047
0.0771488875987965 -1.7537207544983322
1.2720375014901442 -0.5424747464727983
0.7245437480302158 2.4542045204228566
1.652201858847248 2.3245335957048985
-0.9681258330203393 2.6668179768990514
1.117918625281361 -0.105263245329789
1.865992147748915 4.216960056268106
-0.4792946774359132 3.653948591266775
-0.109542091495644 3.9724754233903545
2.368134856559183 2.6951405904238426
2.138692538100464 3.0817125412393866
0.8137359598428879 2.1009127798900744
0.8966677175491207 -1.3841443602510681
2.078081851814452 3.671026434046508
-0.1770309928496645 3.803503795630496
-0.7039200003329851 2.6503215988904727
2.3562682198288174 -0.1995286870196291
2.726266436610098 2.8220601562245644
0.5669689459181309 -1.2822161248615922
0.684276684820216 -0.711140885118623
2.14088401465205 -1.2086950200677846
4.031932804439153 2.466848596822531
0.599751211513246 -1.1575502867952643
-1.1856645371105317 3.5466018731347435
2.8344505768499 2.9520569374300467
1.6533533968645082 0.0561209875680374
4.04819247187232 2.6047652403530046
-0.9280807305274328 2.414446901749148
-0.0043397112048211 3.5021423732702495
2.5380863534681772 3.5991648671867096
2.1400955222756717 2.6763523747513176
3.8792779713200485 4.0945045771707065
2.973496688398188 2.3525940298636976
2.743645850434728 2.7534322340073265
0.2113893569873713 2.05956415120622
0.3673536664195669 2.808789325740815
1.9322271158212467 0.2255193477654755
2.6146577602273116 2.572056218283836
1.4837471160323052 -1.5021028631265392
2.5982546602162895 3.914975586068018
0.1120588435082463 3.992913817092105
-0.0429215405431312 -1.1179440740623598
2.1293519969315944 0.4238007958945414
0.0542958344999954 0.5503895281252197
0.7786995461102606 -0.6842633876391456
3.8907999918546357 4.199790879899385
2.3148781634041753 -0.1147692484235252
1.7681048163643636 -0.9048657887102804
-1.4781808989495089 3.9585542039549315
-0.0160464452377671 -1.1329164119728032
2.1257088286566117 3.994082692034637
0.102755790341832 3.378599160872599
2.3761251403169568 3.9973592515808387
2.5256425148884873 3.85944210361971
2.960361961966728 3.7525724862412906
1.8305663928656046 -0.4477523316219754
1.7342161334493005 3.5500208717143273
-0.0389524650190067 -0.9126260527420401
1.5370858715754816 0.3201504057256371
2.295650503970949 -0.2550030385722724
2.00717262992164 -0.4354531120302076
2.6326068809171823 3.0884748300305382
-0.67104502417967 1.9263249104749594
0.6784428199069003 2.7588560035237113
1.3204932211979807 -1.2950781854442706
0.2092067792978273 -1.2264746527208639
-1.571346058673483 3.8494612592119184
1.0553383518703856 -0.7553034514646229
0.3419435345900749 -0.1125740318423431
1.9677025645596602 -1.6341485791112627
0.3456184314154357 3.242335318295624
0.7605750487677551 -1.1590121725690552
1.849369619831848 3.9066654508813916
-1.0420946661963286 3.5168232084349103
0.1509188642918323 0.1893342871095205
0.4190838475734061 2.566495098010406
-1.003140818201938 2.2478665924933066
1.6764178337689954 1.9491705903081047
0.4092447585806214 0.4367054547311016
2.125640630009603 2.7665178697960404
0.0084425670689119 1.8214621635202686
2.840644620543915 2.6842142194220022
0.0369568925797378 2.6212748568355675
2.07786446948313 2.059801339332513
0.4524258812011978 2.328794054502619
0.8881398665463852 3.025199786943352
0.3700953716841287 2.5798999218074714
-0.7827442284978556 2.408715551777033
-0.5573484500919071 1.5661916427981653
-1.0248836158615948 1.586461962475486
3.4791778442688104 3.9235457139028327
-0.9644437500629438 1.8749178965250988
-0.0945349262040879 1.9869773336144319
3.3167143889453334 3.2056879040375574
1.9460309227120112 3.379818870551247
-0.8484523784705325 3.441683374727279
0.0020560169000425 1.5697004958764342
1.5382432670956454 -1.5838869123143315
4.083405967223283 2.2497906564264034
1.5338019894558985 0.2502570648122791
2.8978853880345614 2.019635875777424
0.5383893417275631 1.7434141666424177
-0.4681450600085853 3.0901785976852625
3.4225626707350663 2.8015696678330655
-0.4779251600569319 2.783432821667727
1.9077936260895285 4.219373133598202
1.8633780943039584 -0.2285228392893273
1.2330883382284512 0.6279986583223928
-0.5761905227297452 3.4043858666117095
3.1746237613499226 2.420942971738813
1.8083682823283924 2.780483034632817
1.9556112149906848 2.8804727129972396
1.647430910483697 -1.4389971885845474
1.6042369841406565 -1.0390182329632442
0.2598427914936132 -1.2231424733224363
-1.5182677960299538 3.8206292964012545
-0.0204486595789926 -0.1592489144032655
3.563621127314241 2.3795919568858195
2.8629145171217614 3.7265033334216815
1.7323354423923452 -0.6759089502516209
0.6540973091715316 -0.8812546122906342
1.3280581316844782 -1.0603189310919392
2.144340660749835 -0.3180989988493036
0.3875177185270073 2.5732477254778283
-1.563429214224385 3.6347346461291172
0.2392626716101838 3.1381109403939957
-0.2778586312601621 3.8239657380466423
0.8827500225898033 2.5303105959131695
0.8880062238349946 1.618866082171722
2.198897822316796 3.396314741802651
-0.0057097831432159 2.4352338593436924
0.4304659637602272 3.620110029677184
2.7349665807408066 3.6699855278093207
0.0815284199971257 -1.423656842820341
-1.0616306735929566 1.8491474408418331
3.0243799692623896 2.3968777189628283
-0.0489121918837638 3.8575195541069878
1.787104732245569 2.1795682108565546
1.3229772684617065 -0.4232442393409727
0.6954315579299296 -0.4948025647267579
1.4310924016264737 -1.6885409155465887
0.880179953496599 3.8323418337217596
1.3358140805008545 -0.5538442972776882
0.79538364921835 0.5699681036004564
3.777709926897201 4.059294946113844
2.5103758434706958 3.879631235228618
0.2827300107336647 1.6670944429355141
2.762482370435736 4.033982215247512
0.3074487401221863 0.3105773918871629
2.175572417196015 3.1218170287399527
-1.0235662671164465 3.2594807197043325
0.4819670355493337 -1.4245733059996164
1.5834829331637974 -1.5283878413403904
0.4995889581062472 2.7830892238819147
0.546007835053605 -0.567221029898421
0.2728304751154014 3.571226455889045
-0.5065165564068131 2.5730097528768088
3.4013720391235087 2.2221340346886063
2.4224066455696525 1.8880453581186092
1.724946897265318 2.6354341635593457
2.531388740609675 3.6426003980968495
-1.464693954868988 3.9014805462058817
1.704014486533409 2.2977368166122494
0.0339112218249828 1.9626329264700506
1.8454514945398672 -1.3658993043543435
0.8990361982638314 1.69770077780213
2.105331774502134 -1.148751346371617
2.821077909280591 4.007766868726424
1.99351898908036 -1.6589644567594741
-1.5753616756276476 3.0459648933374774
1.9178610415672932 3.0531318109717045
1.4243833684366678 0.0206841986451976
2.329610990472222 1.848623912501127
-0.9464493944899747 3.7081777921936285
-0.6030124366447379 2.734274622904883
-0.0502021515914623 -1.4213935792053611
-1.2854158559506068 1.5895970479298336
0.2665212015997832 2.9436993713246613
1.6159853253404586 -1.4071589868426504
1.5824120460005822 -1.264754914145219
0.7050392394033351 2.6921892022716047
3.821951403390299 4.149313302914713
0.8428619734968955 -0.1439216233855997
2.1949272373373536 -0.4762032631525921
1.0588627827730996 -1.7737902346940781
0.6996722778283107 1.7552789653357346
1.2787273978790514 -1.78768016600583
3.432777157971729 2.4007869258164374
0.5509689778169302 -1.6541941806146867
0.4816716108071646 0.4892755561038906
3.159161639787861 2.184068785098303
2.2998809859572518 -0.3914103255368746
0.1322881358710725 3.8166521576920465
3.8302132541416776 3.5707511415400375
3.997776629862072 3.8771313648563366
1.454519064456775 -1.7469135858294178
-1.0313292567756076 2.4657561164349153
2.0157216364728145 2.2316413277301086
1.5730102607313183 -1.7100754332265393
-0.2671050111447745 1.7766344157585996
1.6606209435548098 -0.3205798453506707
1.0180824447769197 -1.4585721064148007
2.265609585010836 2.9767286041177643
-1.1419544079571562 3.0229393776237723
1.6174784211814952 1.8553281997426476
1.221039621109851 0.5996449747894939
0.5676077524398544 0.2214412952157252
0.8506437923603022 1.8121749574380837
1.9906381747418196 3.4921538790577378
1.635848321518529 -0.0563957949080981
0.343151256920933 2.9333040200363842
1.9058523767483637 2.1535827269274135
3.5466936931835704 3.396082661474869
1.544137200022906 -1.3002233947618964
1.100667001326972 -0.8030700201234262
1.0403769131448732 -1.4865677103195933
2.490331631058348 3.719847328596492
2.889468026674571 2.7554543557399467
2.2049485360511336 2.9699365178501163
2.4994411693571137 3.884026604395587
-1.5953814891076104 2.3949425410126852
-0.3508466828630227 2.4267954809811716
1.8628427129688154 -1.3154474507441194
1.7657258573536114 3.666979885404017
3.613910609680666 3.240657116492278
2.375727859532131 3.1890230521185092
0.1275109863088339 -1.7970034523700882
0.2052230431658619 -1.7998937916479294
-1.3808301243665464 2.9258613520969523
1.7755395050942664 4.296693325562044
2.499463366161851 3.0119348733676348
2.5198633214883728 4.048756449735514
-1.319522041246023 2.244158730252925
-1.4386277430067909 3.584629963803229
-0.848135310413659 3.6108205319953472
1.6424994238433022 -0.4865437438868018
2.0934113660034472 -1.2489880890417384
0.5665065510130776 2.4951308924905073
1.6861834309147907 2.3146088619276513
3.91151328384929 1.9021701216631608
3.8913113009796385 4.109268240205786
-0.5725918951325847 3.5356437336261357
3.991857980912554 3.9795250072433066
-0.8634981682502599 3.0274935682057693
1.6544661232470026 0.5892769796800396
3.76579918514958 4.047023655837194
1.7218432690091519 -0.8669331739389388
1.8183145894066661 2.4883620461402085
-1.0511771093368147 2.6897134428820753
-0.7896741933218434 3.035143318700103
0.4362951346031189 0.4269513313328285
1.3666361032818874 -1.3857323202526755
0.5832051450542514 3.7942457889479364
-1.273434640654132 3.4330139869875342
3.4954083703527297 2.4539969889825133
3.166990840925529 3.2134122938631338
0.4237674161051615 3.1353558464815725
4.026551404474683 2.4738814543192404
3.528655621490828 2.153416631276411
-0.2909972561684314 1.7037247824580122
-1.2120143496990625 2.8307503668811584
1.6680157663471384 0.2414705350178618
2.248371209254888 3.4257684709831393
0.9253242036740923 -0.5458133490137546
-0.8379927327780936 1.6793291962371109
-1.126625135631591 3.7946609199480807
2.1607892643455786 0.2882773103156941
1.6851937686451146 -0.0435643502938578
0.928232931106248 -0.858175975179437
-0.7103320579461139 2.798941527724857
2.7533119500575927 3.1287404797028033
2.6256578292024173 3.165260021642037
-0.1078923385253777 2.5702819331631934
2.4463114885476545 2.21165900213319
2.147150549483999 -1.31993127246706
0.5701008697459927 -0.6340413181607636
-0.7861086578342965 3.514276169637762
1.5625715361763766 -0.5329381731315894
0.339774379580292 1.9522260434174559
-0.6912500186167525 2.522248049422876
-0.1157323520055879 3.50289703615549
0.5986095282498494 2.5232722269063124
0.1803769680158302 0.0801110647962608
3.239156873426376 2.0504415499798228
-0.3289950353422787 3.695841723680727
2.222681728033051 -1.227331264461403
-0.8879372637912151 2.758661179823409
1.7774254320926104 2.471270113932871
0.0973552552039424 1.6100006241984008
3.7348215547342165 4.26797164204326
1.818316563410986 3.2720897975351053
3.296768864813611 1.8487026589299898
2.5972643809061386 2.403296399007069
3.3654659215069413 4.04638972308651
-0.7724328176934789 3.867672494779789
-1.5019172442692248 2.1386674341648497
0.8542389472551682 2.5375478355682617
2.2360654342767012 2.5782382545129816
1.8080287541926614 -0.1141867127397033
0.4177883053542372 2.7154771405862177
1.792323892337641 -0.8748222262881264
-0.0218746893104781 1.6251179590485887
-0.8337743334826353 1.7981054214432548
3.059627419405094 3.887785903144484
0.3324184813225965 -1.7208906947163534
-1.5152449209041174 2.3408796243774765
1.008857789663466 0.0138110701584663
-1.4676312478375506 1.8239208613439775
2.5531106364249108 4.003367818244676
0.398332522855232 -1.7698748626846283
1.6417587068964643 -1.082870707340122
2.1734886397732525 4.070810515360801
2.440071529049605 2.740130946281429
-0.9381328722934286 2.6537516637301968
1.5711362286941544 0.5928491883643309
3.1930018700889033 2.8926083501827358
-0.7874990828378857 2.8084315747202986
0.7446331037469713 0.6491240776322305
-1.3271851089922728 2.1711045425423348
-0.2857067640864606 3.3629292533553783
1.730561015080414 3.452556159113308
2.0719087346677747 2.350167529460617
1.3702751815864227 0.6834476120924121
-0.3558803648293167 3.6130362855510083
2.0728123050787115 2.76078734110071
3.9801758750988 3.0720839660035693
2.7630330728606443 2.8672652212296197
0.8820985389466034 3.1815104492825435
0.7908244897531684 0.6207978307963113
3.780945002362569 2.542472894241085
-0.7119675822903492 3.819848622586701
1.8908911000564679 2.151659732997707
2.288793188837678 1.9660254099947116
0.2076746938120937 3.9031954937359123
-0.2417898108983975 1.5633153985301138
-0.8086551538214871 3.6983208991418333
-0.3629499247915539 3.062142211005858
-0.1234113966080896 3.063920626264337
-0.6374850708922717 3.316468102537363
-0.9630642663321727 1.8449559020387176
4.0834129515368724 2.615371057992578
0.1504263557945179 -1.0460845650541346
0.1018533777745717 0.1172351669968632
1.7082601776533237 3.4302556539658293
0.550471509619732 -0.4302717281629805
-0.1473460785478696 3.2430151483730367
-1.2132239680765844 1.518277329489227
3.576434389996949 3.621823839160455
0.5118904427695234 1.5146313386603496
2.631955702636647 3.752666458723191
0.3816258149726077 2.4302163836338058
2.039838152420197 0.2096711073665438
-1.1042904987610982 3.066222511035635
0.6444688349661102 0.1636061761710915
2.7926071598076168 3.228633295020788
-0.8647009873840695 2.427751173597242
0.1028829274642324 3.975369478476969
0.606616663288073 2.055218088974543
0.0929026460828895 2.4006453640354737
2.9529481761635594 3.260028699422621
3.8876132233999083 2.584064361322838
-0.2996876556247905 2.247101902261729
0.1722962849001021 -0.246557825928596
1.645827958979056 0.2028168363303629
2.8611735048949796 2.2759596369635187
1.6611322054588868 -0.6094665789579977
2.362608066944362 3.173565487183804
0.65067864111778 -0.5011125497320964
0.9723212303436634 0.6072385291940413
1.4831649023579712 -0.5884370181714177
1.699732629221021 4.045849464828801
2.63823853162036 1.8007630578134444
-0.9652319271258893 1.9520109632176765
-1.3382014687312658 2.722445516754901
2.1668435423406636 0.4865792034721356
-1.3572698917040744 3.0375104702909335
-0.1549758624278229 3.3611050012267705
1.835904095389927 2.23886755205113
-0.0581572897831126 -0.0532189422936162
3.2559454371089354 1.9661737805068507
3.6290680106346467 3.4545774355810472
0.8032410096376974 3.5233320492021587
3.9545394739857014 2.724676940302637
0.4041757577496851 1.8479812385218501
2.114390575352081 2.3092353448047205
2.518482615287336 3.6636117155447816
1.837962202325359 3.897890766455007
3.7550900388131843 3.8009682852596005
2.0949550436811357 -0.6055856523362335
3.008234791100652 3.7709860804997084
1.9879760797150132 -0.9371348121262807
1.8854197572185665 -0.8754666865234018
3.679926898354824 2.4013376713869166
4.070064090180513 4.0107837573311
1.9126335361596762 -0.5175417022100853
0.3898299071865045 -1.4156590107348157
0.1722245328556607 -0.0281625609523753
0.739642266108187 2.600060915789628
-0.5860893623244303 3.052460811039765
0.7930977987095218 -0.5065519939989027
2.93298467595982 2.08440605340735
3.6988369606735363 3.680077796232436
2.934452658077357 3.9552429143675156
1.6874539514841458 -0.7283559204251441
2.144037341346217 3.02704196695862
2.231127745094867 -0.3030049178297759
3.706670062449762 3.014706995150156
-1.1341787467692377 3.5028633789245625
0.9357120772693136 -1.7046441565074983
2.1235258385762643 -1.3685617250681488
-1.512422673499735 2.7708792847085295
-1.453776006392329 2.9637872142706807
1.825688522773862 -1.314924702007663
2.314794342274699 -0.4666330734613236
-1.430846525902917 2.7387945381231455
0.8415994198859199 -1.039526566916944
1.1628348980272658 0.6359142086806227
0.6354071600395859 -0.947733707859911
2.9208905467109183 2.168258307672999
2.0097754194532613 -1.555004643265667
-0.1726442940557094 2.7094972911208526
2.3384214017278904 -0.7113546112783962
-0.0119035354401049 1.6831996690947422
-1.0460691521998926 3.991070219447363
2.4855589879578504 4.060239373867828
0.201233228315098 2.203080645509991
0.6979394132447159 2.361759967420727
1.883072502208809 -1.3502276931566832
3.967618687972736 2.1134979769928517
1.7936741731625283 -1.4188599449775892
0.9237080036299891 -0.5508678424332922
0.940989877465365 0.5721608829523607
2.8820459113323587 3.3741834047919492
3.114714503298892 4.089016940909647
-0.0877535626524626 2.5414273506578478
0.5765367530217845 0.1281663373822759
2.940841744252214 2.02319341033652
4.047102666591806 4.122857710917013
1.0340220144010006 0.0935461723172498
3.485530431839525 2.549298631814553
0.7434585964820403 3.0864941325873185
3.168511258060633 3.2736983023699393
2.1198147958904956 3.123311584637978
2.491574264719497 1.986076762193604
-0.4258961678347561 1.6676797629179596
3.314960406239543 4.219971635432099
0.088783578459923 -0.5429995634980733
3.7671399553665283 2.3324737685923096
0.9905508108532904 -0.9647627867533906
0.2369611242278551 -0.6329577859915287
0.2696239012166389 -0.5037262216704023
4.06819922371116 2.4338908018757466
3.672835029149779 2.049987242146991
-0.664243209148268 2.6823027671836903
2.1502880298697904 1.921784475964351
-0.5298414420193387 2.427349396746315
2.315950623201886 2.003425959378744
-1.0848492174948448 2.0605277385976857
0.6844864734126036 3.166356378153384
1.4327755396220354 0.3395762180145195
2.039422777204029 3.062624093386852
4.072632391180959 3.9369703413432666
1.9346519691688282 3.2262871617036772
2.9659171662609363 3.1680317627626593
1.8334146302848346 -1.5794495018133645
-0.0954440293798788 -1.0093766724283137
0.051986764856533 1.753436596028194
0.7342307604532532 2.3769074230327094
0.6655020809209465 2.635401191214693
2.308485028223625 2.0846365483053635
3.857078584081467 1.950095943176169
0.3875506331979081 1.5371192550842094
-1.0643309389081397 3.8648574141542973
-1.3209098423433603 3.756853570431233
2.0957416947939804 0.4960765230663489
2.1705591461102665 0.3220908135228269
2.3001718742573964 2.029239980491292
-0.3937425033843065 2.3997006077520537
1.6480175726074893 3.819125735676689
-0.4706753065183759 3.5687713546801447
2.1181353172421047 0.3136133127555548
1.1546589349984735 -0.8573555549103219
3.285968136856239 3.6838311539833075
2.5302526909380463 2.0795384659909093
3.6192473945095847 3.799889557927051
0.4284918033088306 -0.5897962208636099
2.4703942548575006 2.5772438200814105
2.140684055917085 -0.0055221462966964
1.171346770104439 -1.1270024059710007
2.264781484834859 3.606982153580497
-0.9744858668963674 2.554836285119969
-0.6004266389579566 3.081667287230127
2.374146165304264 3.623161403793534
-0.8301764611562438 3.532250209943167
-1.1832190504335565 2.6927993299921194
0.1778973149076384 2.154195225371281
-1.299527943190094 3.475059183088098
1.5183228969782678 -0.9560553924583672
1.171597687183725 -0.0735123909298559
1.56657355208006 -0.2951423295955384
0.833364806457128 -0.4632226499113829
0.5620861739903729 2.550808934458964
-0.5016133117035984 3.694128679084806
-0.6316706230043864 2.072242599560588
0.5697942023084188 2.3222611983179395
-0.0856530864747898 0.1388191087993359
2.6293849747042204 2.362975146344045
0.0116301909777942 3.092209897156706
-1.4683083732154736 3.0339231983654638
2.6629411276096375 3.856898893250994
3.5044404978660606 3.736681356508368
2.01024434390102 -0.0113150539676114
2.4514396870457236 1.9197951914186386
2.0003696422792205 2.751478716535528
0.2835007121007957 2.0289072873453398
2.4784518188440257 4.2953808906344095
1.990319804491529 3.0038993035035553
-1.0966041829202418 2.218250576006366
1.8404356543315175 4.137798990317416
0.5054638732681603 1.7090543749466212
2.1115477758485417 3.788116929333448
-0.0181851156461916 0.6793734674780529
-1.4484006379612837 1.550393288527558
1.1896677988971405 -1.3706797908243482
4.028268492200106 3.5251385909237474
2.9990806757749318 3.5461029676918563
0.8582223808609023 0.5382663035646271
0.705464146476404 0.0932285002625823
2.698996240205833 2.636534645075412
3.501882606824319 3.8673206863539287
4.0642120191345406 3.143251173557585
1.8970264861731367 -1.441521960327319
2.344924890509296 4.116789060958349
0.2669199153104729 -0.4911500734392909
2.832755247597636 3.5266834978098536
-0.0239548213567306 -1.0180788096371856
-1.0229441458655635 1.6693080934647146
-1.4617294103595064 3.9289211828811057
2.3480897072161206 -0.0111739685300517
2.7955020811706897 3.5152242109525105
-0.9210047402874655 1.6313202727127685
-0.5876616903235355 2.1757979760631008
-1.1181449741834297 1.807243549968555
0.192365526159615 1.7580629290194116
2.3413912812190487 -0.6427472042202954
-1.4750715492646727 3.9934050796469416
2.143189985757942 3.261532440441166
1.9616848854693485 -0.6537984815471437
2.759358488491247 1.856513326706931
2.738328120422594 2.8278978411130127
-1.087747874711395 2.7060449756835188
-1.3511542838389445 2.4858002005360262
0.7990011552600318 0.1312047705842202
1.1802463256541766 0.4573917704038093
0.330322720631757 3.302146712641584
3.01449577065108 2.4807589545880386
2.5984863632380715 2.0060758508934886
3.692791193902078 3.7020046102268562
2.782267670951531 2.639025173518622
-0.0793979471355662 1.5045181475693095
1.4180397227154284 -0.9105546130922468
-0.2781418234258963 2.306673126070897
3.6732998616933417 1.882509670640557
0.0720581384308796 -0.9147134667535292
2.1841187244982923 0.2792193705432091
0.7758425294068004 3.887208729261584
2.38359053429423 3.167810012723787
-0.8490613664429039 3.48682965449583
-0.5220282025951634 3.1763967034843033
-0.3716216617442564 3.4005865998740603
0.5693504645498249 1.9470767861168627
2.8384458769123686 2.3198859808890284
1.7132799302771515 0.6093385296905026
3.602335557654515 3.826055691193948
2.335891387769499 1.8282082058089604
0.6919579417852674 2.438866938613245
-0.6900903781439315 2.0147101232512967
3.61063875494718 3.112195936754613
3.641551762354871 2.7005482096904143
0.1828011026954897 2.8894819397475193
3.606978816363603 3.6422575315040513
3.4947230269648517 2.691104179559892
2.6355581766403984 2.429084583401504
3.047197260392027 2.5226592428168706
2.604463765494128 1.9816460541927419
-1.1748227576649275 3.770913557327474
1.156562594305214 0.0402822644360031
0.49635528672241 -1.1341727908521222
2.662224646883845 3.054428577090564
-0.0417471026322358 0.0462228364454033
0.6910796648774609 -1.7702463158626185
-1.2202562768799687 3.2599630046194137
3.9422541697877262 3.765615383358325
2.8662959707009223 3.4603738847449947
1.995713979075897 4.131259945290275
2.550592330908755 2.5302593881330773
0.6839571431380777 2.736061541420994
0.226582335671253 0.6835497741588552
0.3524032179125662 -0.9320989627222042
2.7339983017499496 4.297478874289576
2.7786182334374927 1.9137736673643233
-0.4725270594080188 3.8274194253771565
0.6207514473057552 -0.7628196953498326
1.8103038835199372 -0.5914729739671433
0.1070179134171732 -1.104233296005091
0.3324964540176663 0.2969930107280957
1.3646500750897308 -0.4705743678951415
3.9949936138210767 2.769445828272975
2.192500316384638 2.492882113410616
3.3195309937027284 4.167226665701259
0.4686544592224483 3.4092086420703187
-1.2846545434089462 3.5130622746350815
0.302601978831675 3.7537117289191024
3.8492864603209505 3.4173822912944316
0.3080944802127377 1.9679569973295803
0.6653993084792456 -0.1808776865899709
1.9477303958666634 3.945638777016822
2.296725622092866 -0.0507912278127295
-0.5193404030222001 3.6244094289508486
0.8635936205662194 -0.9058506095768072
0.7710524821808379 3.8217452039527515
0.6901780968893532 0.1612893431485466
2.329697109116715 4.276309369108505
3.786543361131254 3.004430113250123
-0.3821891983758676 2.997266718171622
0.581967820896979 0.0878005964348334
-0.2925337511278162 2.250191141377218
0.6148366293448906 3.4592629910276615
-1.5580642175804589 2.256471707890497
1.2630932118050193 0.3677503316165529
1.6862265591177872 2.2120561806389727
3.791507393927937 3.8388686986394585
1.2681766330763276 -0.2782252214308609
1.9002536381932849 2.456624303448502
-1.5781192223999798 1.8682533786995712
3.7836386313547075 2.363742772422707
2.5844418025367473 3.2368512310753648
3.772155282324349 1.8172478960601994
2.9828971792550627 3.503724627501418
1.514675390917395 -1.4265324006627893
3.878959181584644 3.18520203590588
3.1528108525670233 4.129106943228831
-0.0435963900403241 -0.1229149550312522
2.338017324466223 -0.5229745426574764
0.6034151976553987 2.7941160485725005
1.636891691236834 4.225629078831892
1.2011657382993497 0.670702459809431
3.8906775076142424 3.498970918001017
-1.1371291973014317 3.22528942461045
0.0642466133835356 3.48563227795688
2.51660767120265 2.735034219886304
2.2277850620313053 -1.5102972647812776
-1.5614181035434866 2.71093578067894
2.332846949342962 -1.449969128317314
2.3381847509215947 4.105524971701875
2.9831954612715106 1.8567757615849625
0.968568818528833 0.2866548172966094
0.7569830069802544 3.4503811452690525
1.4769201791950017 -0.6717816946312647
0.2991070690792299 3.6664281989875245
1.7298887319907272 3.3388372690085233
0.2370852832576139 -1.680042133760001
3.463848960280298 1.894022152162303
2.2475082291809905 4.009404428807069
1.9681680132419377 -0.0278629870620827
2.1430919192545543 3.44368782624881
-0.2425778977160541 3.1451995058626556
0.0969485211052693 3.7409524596386166
2.702149074779946 3.9764734808890725
3.603065845287381 3.4322490234282976
3.7370324545696705 3.440839129530354
3.907881468460348 3.5259418562374063
2.4608725418147666 3.174640121690823
-0.015349272812692 2.5779263763217215
-1.057545550299107 3.0905722817715264
0.6557663349666515 -1.545067858140748
1.5125932645883817 -1.2203506873026646
1.7234971903225775 4.019606294520231
3.440308409349442 3.9521726336806857
0.9078986998975274 -0.1655810776016479
0.2350122952587002 -0.4995557816114817
2.2978667650945495 -1.3547494694687578
2.3816061702239923 -0.8588617076306821
0.766957579289344 2.1972242734973313
2.1490337933066055 4.220948233033979
0.1839200682175907 2.507331994078356
3.6232238911425645 2.138854845217146
0.9154643641889718 -0.1656147715259138
3.4654249532724677 2.5572928354534623
0.7360188830551497 2.5555197052724172
2.0886664467452314 -1.3044683097784948
-0.4051976226549435 2.75041658233239
1.8622493677315557 3.0979073370320966
2.279997760050508 3.1800998050786253
2.99953603787977 4.142739905962712
2.180703827777556 3.6872296010268326
1.659372423205558 2.667966334742529
-1.0463178604920624 1.906777106438147
2.2577841251839477 0.2956021286355812
2.220603577070949 4.260530356826133
-1.5430844114512439 1.8189514782848102
2.463062402602917 1.8826890833115144
2.2541809258240515 -1.5010475230275635
3.7820433348014206 3.9384555966814143
-0.4719650803534898 3.34833000810917
0.4918355154384339 1.8903866850225648
4.06428862189318 2.422692109477433
-0.2545606295624546 3.5722774348652093
2.1743297598736055 -1.6986426563236081
2.53449922749494 3.6029047638883993
-1.4023200231439017 1.6551123561487484
0.5215771946279628 0.2657569001085089
-0.0695357702201717 2.7179349363600664
2.9419376987385384 4.121454695064603
1.1923214426308824 0.3659225571846437
0.0930806577647995 2.211963159453638
0.5107661641566769 -0.3764365652799253
-1.106916753253117 2.240541275127945
-0.5155817944757591 1.8080529116147865
2.6413234707040285 2.5737227093179134
-0.0995819632883494 0.3281155176731704
3.4500047929470754 4.1711196665684716
2.343783994448718 4.084346087353259
0.203626373821267 0.3971022201555397
1.7606874433028188 0.1723860981609924
-1.3589129351031666 2.8025159537163096
2.362187998701414 -0.3763814880197846
0.636883723641743 3.5578267426934653
0.7747270754522259 3.2664770588021446
-1.0444619044939056 2.6153299367377736
0.1024585123725297 3.4945372600375193
3.9356659394404696 2.951557288579757
1.8597515596451628 -1.4585625881800426
2.9729365519927224 4.024059182033115
0.6022434288744954 -1.6152049067451808
-1.4297539795421745 3.7376319200684383
0.1543806312798639 -0.2108230736430802
0.2589908411613593 3.1383194034044153
3.2763370818447943 3.456032916251574
3.387963066802084 3.817717405617509
-0.5605572911219889 3.7927623416639933
3.8878039973797316 2.697342749593111
-0.8108933917870818 1.5110479569231523
0.6479503319928156 3.968276089739766
1.323236478491706 -0.6015725748737633
1.9343806850318672 -1.587160153593017
2.7067084853283947 3.567854137423579
-0.7628677348939805 3.5344105987948375
3.2331562599116257 3.441646747619643
-0.7101102280350637 2.4640961465431865
2.402301570246246 2.1809932228929267
0.1176362782368195 -0.0970739819966969
2.0090826473073027 2.4422748207661265
1.742126032888924 2.1002140886071565
3.291511131489601 3.9224370253113294
0.7434569289693713 0.6335528761984563
-0.5166021292903764 1.5413666750758162
2.6897235832940654 3.468366030998947
0.4690645146985679 3.4165686378544056
3.0964485012215395 3.7368163163237864
-1.093796418475908 2.6163437125622417
3.204662886028945 2.6585692803279293
-1.5079564740841895 3.70218371355785
1.9269573145553778 3.5017112304582882
-0.1668798104570908 3.6587126758939332
-0.038008327608264 -0.2877044021151869
2.046853221889812 3.6565517567939763
0.2550370508512283 -0.3993040966099396
2.0567393673483214 3.157949678221643
-1.2622298384552542 1.5470655580950352
3.4573367960140056 3.1992201505179314
2.532883050769822 3.6067789385275937
3.7536101644233004 3.192317128029977
2.983585057475285 3.12558485542915
-0.9964898550479988 2.5504957057385744
2.3944349371798883 -1.057756595577665
-0.952400071752768 2.18480654738175
1.234799814154058 -1.4759063698658954
0.2737373534348096 1.5121219670807946
-0.1012467523895269 2.421358142244072
3.616120985846848 4.23683992988368
-0.0624856256138444 2.480535320466858
-0.8979539592042698 3.39894076787316
-0.7754988376332878 3.448527996656008
2.04437233227363 -1.3247810704374996
0.3222720749885214 2.6173907877226315
0.4800090718026375 -1.7600858204375351
0.2564651263038194 -0.0048401482884226
0.6740722948690435 -0.1049517992507768
1.8246497121616017 2.092578039275781
0.6956779254020143 0.0346357052878584
1.71169860859725 -1.0542955551088844
1.0707201743252217 -0.441806978407379
-1.4928335042045098 1.9358528111956157
1.3518951110343504 -0.7265366867622567
1.5065366452491167 -1.7134749652850905
3.693863521306982 3.567863467012519
2.439691474383976 2.372296325253583
3.9935810188486682 3.5120293762689645
0.7732778118749383 2.2285045061013684
0.4327126513893713 3.00922347995451
2.337428628079247 -0.1204121854950258
1.6655771727068374 2.416916150204885
0.391072054224786 2.796041793911599
1.944695967977078 -0.7774069479196914
1.9479705713726239 4.1490477070741925
2.8938138066049017 3.0874032435288012
3.2074232835253444 3.8059534976414127
1.738832847835896 -1.2521046676789243
-1.1335341944518476 3.3365676909818296
0.2083362232398451 3.666320884308637
1.9523327478051589 -1.001577715970398
-0.9805388410832935 3.49825653117217
0.4329370713530068 1.9285363768512738
0.0367699570235693 3.528914455138068
0.3852526964886062 -1.3560601904701468
0.2852835862516008 -0.2728676559416495
0.6949140186931447 3.955430660561256
4.028917181350266 2.0048287230197106
2.4721427525169886 3.8406124642731196
1.9793879266636862 2.440819326772277
1.4284613385833846 0.6532089762041755
3.0846615846528107 3.6941621321421128
-0.7902072343796501 3.879046215527063
3.8897364427178482 3.4765438784757863
2.2442694969200425 0.4492589580327874
2.8319208801024724 2.444633285286919
2.84514079212921 2.4517613044375883
1.059502590141736 -0.0957961794211217
3.6427008160491665 3.0841773281980043
1.9232540204572561 -1.79127662309338
2.976128555571634 3.439007174194755
3.805213328788112 3.6588619828261653
1.9239402603887819 2.86024690005433
0.1044022652869519 3.6178418412118
-0.5443517712716905 1.583368230168002
3.5505073786803467 1.9584154483605527
0.7006068978794094 1.595749283248578
-0.7009399111992543 1.8008967949184438
0.9081949920452842 0.2738769917560316
2.201714851043402 0.5201527552564362
3.430624065642075 3.6403094325333276
3.6758552505410287 2.128857784612455
4.079759747385213 2.4387904664430464
0.918009049053661 -0.8942019624402305
1.8879112581225859 2.413163809562734
-0.7065098930160525 1.5370826585760733
0.8270191359829313 1.6137208470068671
1.2135359978868316 -0.700977042107328
1.5711540856836035 -1.0119064350662288
1.8970950623472402 -0.8812133388904956
2.2132520979573225 2.3151401909722313
-0.5883631505824859 3.6813632971398893
2.0688499428042775 -1.2570272083818264
2.4104686121490633 1.8975248938714042
3.1466632231260245 4.298387877537339
2.616871679955153 2.7155772004967336
1.5952200094806652 0.0759558709979906
2.320124534365413 3.304418495381389
0.8885259347882707 1.6539635275434366
3.3947449732653303 2.4976249581970698
2.1502605631708605 3.046745777365582
2.7469375380430923 4.0167891474389394
0.3220362877652986 -0.2551000816869953
3.621416170612495 4.197840044706871
3.560837172837874 2.503623375758117
1.7144000035731437 3.8156079694976195
0.7798413834466572 2.134679877576768
0.7498845652286615 3.207696317041362
0.9026552580334498 -0.266517104576181
2.285103141182974 -1.6206872742447926
3.010593443656012 3.9528451387757073
0.5427048612517889 3.291596185696268
0.2746677152399131 -1.255857978516428
2.2642351238105998 0.3801562167043512
-1.4061371179036164 2.966250369668945
-1.0037676695418887 2.5597051728317686
0.1281369250160061 3.4200557049895846
2.3045927029942024 2.313439354005669
-0.0031786429831204 3.5692679258706854
-0.3080860962964855 1.601663172624818
3.3735087235542736 3.8057297600934086
2.7346819924063475 3.8637998147619785
1.6978706403454444 3.8450991640192913
0.0070643555328673 3.4336145388485253
2.0426182276263516 -1.682098436136947
1.9072445437817895 2.9297065188637488
3.168851424097912 2.2215140315838178
0.4751825194516318 3.3690172428249325
2.2434592414014314 2.9628231231190467
2.147651800227898 0.1293640187682087
4.037778124996118 2.7219288201722165
0.3545467055414995 -0.521006255460243
3.4434550522827645 1.929678023074662
2.7694533386574514 2.0838684647594814
2.2683629956666636 -0.0224587409767424
1.676067684881993 -1.4341825409486428
1.8490452454519153 2.8625486224300003
0.3210953693357654 0.0328317608366854
0.6644621489013771 1.6146963528027742
-1.245093401555311 3.7167814785326883
2.3723772463214536 2.6858781781345735
1.7055899687025304 2.4181853788574132
3.261494810767917 3.51535253694278
-0.4581002775301322 2.6663300182863527
3.9922199699002636 3.7463330149856495
2.352652084956634 3.934053299707703
-0.5130563412989011 3.1180647881276844
3.471854230227344 4.226836418937809
0.8141175237094243 1.64168336730925
1.2364993856946378 -1.7059975074728204
1.8343426974151098 -1.4163378383945968
0.038867923896672 -0.1326747313293612
1.938859915615457 2.9733494203718127
-0.0031162907042637 3.8175986042063634
0.2353587002729307 2.5083048218724917
2.7832930206489452 4.192516773390094
-1.2168399955784588 1.8809178946517513
2.364650899597087 -1.3915966550733447
0.1417138398725809 -0.6974133512107474
2.3639497703064087 3.6521502095635365
1.726453152097689 1.8650603182550527
3.076257728442361 3.9128475809096557
4.003238971318792 2.6813974728790515
2.0739953598150747 0.1968865727653761
2.9547710757690657 3.30544168238617
2.085687332093474 3.8630997053375875
1.5872027955601045 0.1109282163606689
0.501321801304633 3.75600614961549
0.5566171196971036 -1.3679421160126588
1.9561603178272506 1.8851749802256734
2.5832489252906004 2.0946155445344754
2.223146750322906 3.0585489985589374
-0.7376732439684102 2.007741765792346
0.7214215416468047 -1.151002040717308
0.59768892880504 2.6941838418002484
-1.4082689483688704 3.135379271655449
-0.3686880280147282 2.693637030809426
-0.4530380991426213 3.0612023011424867
-0.4072129571747161 3.230438123506213
0.4909328463669354 1.8423740161552449
0.0261759127325696 1.9827948750426982
0.2635173061832832 0.1186183901125672
0.46528591969839 -1.3413579188478157
0.1337952227552268 2.6418295316694347
3.9152444549646694 4.205308462546887
1.0544008492837664 -1.6096153171530123
1.0932629451742126 -1.1125959169478408
1.4162038442025116 0.6692752379353795
2.032167905974811 1.931024860753635
3.369951764040766 1.9044571767049474
-0.939891205019812 3.593483617169274
3.596040799848913 2.345436830702215
0.6786482852517021 2.852721515249349
3.2159935458222293 4.121741961859457
2.3299897730179104 0.3536700508352994
-0.5851710092811887 1.8128059372960486
-1.4343423145464858 3.2003061825524517
2.5426100441779935 1.8506988792637624
0.6324065885493229 -1.063944677391095
-0.4834582911873201 1.7475894504938736
0.9381200212294198 -0.08191607366031
1.4418378550757314 -0.8479028882723072
3.0177174507915 3.9859334495362906
-0.8179784848986364 3.904903802406645
2.492540151025887 4.2988920974278715
0.1013770212026342 2.6161789423479997
3.4061188588679236 3.3971242287231447
2.8763185601419865 3.3950453017017406
0.2567597613110351 -0.8989505535764976
0.350869958317292 3.3396740786226102
-0.9312117063148732 3.881409668027816
-0.4298461566381778 3.9076471953836243
3.8963911333059538 2.100205421954941
0.733911960467233 0.2154629705081881
1.7894507025181903 -1.6052828315972607
1.8408069867229946 3.9917546660288648
4.097634937938295 3.3551839923079045
2.4662311144023596 1.8522312983753753
-1.4139763391243132 2.2830387496597675
2.640481338203503 3.4857856159840916
2.644846296381609 3.33676603304512
2.2896231819976496 2.3297952793617296
0.421138910906597 -1.3558902272273978
-0.900976974917637 1.9664021419395723
1.9753527263359472 3.565042182146391
3.966818797129812 3.962840804078659
-0.8671101641234474 3.9629961814249346
1.128522043368688 -1.508113858689386
2.392519001267413 -1.736473488252281
0.2044785594446676 0.0696209913580879
2.233385066372584 0.1724500508331985
0.9360847852730709 0.0907595495394321
2.980462055923845 2.656194679113851
-0.5348377218216595 2.2819490863419354
2.3902918746359205 4.072981323147721
1.5464829466579006 -0.2561291980315228
-0.9856477503279397 3.602409752529745
0.588958632890963 0.1449415464744047
3.346157594180895 3.892246742155954
-0.0118128442092729 -1.7280355948017483
0.1709063559428865 3.274772737412048
0.6973686752502627 -1.6680988154412142
0.3571556606313105 2.080796206809426
-0.0444676666111877 3.795542660707942
4.07306677122875 3.3111701738413086
2.7404598663831887 3.4812199179635863
0.4909441873188447 1.5677888948285421
-0.5465780728167586 1.8835157869511792
2.279136303555774 3.120904610872258
4.035376983119058 2.1606128621695184
2.4642652748002853 2.565555015591312
0.8283531589137934 -0.6643126250581683
0.8233159972179883 3.3601536262512894
1.315574426614862 -1.2424266223809604
3.061356620709279 3.3618543087927093
0.721831588741081 -0.7452493021320157
-0.0158243164613963 2.2059963889951137
4.095131156026585 2.9371927967987994
3.666946163263891 3.033379196385988
-1.3136934362241341 3.624488243025459
-0.3526262323202322 2.7016784963704614
1.791551821249602 2.7257092181216316
2.0604242586037067 -0.2894986668483842
1.313445886188947 -0.0456916391893627
-1.429198440049665 3.9401467995656283
3.6076004263894452 3.59020161841551
-1.4761906174774453 3.0313657223534567
3.0427603708511373 4.265251403979437
-0.1564601580182447 3.342581559386958
2.770008034280669 3.117657548848469
3.5730377425693907 3.57939802782394
0.6383220585416958 0.4381036264978647
0.6055819522261378 2.304427597299878
1.578459743650432 -1.7479489672663429
0.9964234950049842 -1.7315672557862907
0.3899562001311282 3.4501747986595928
-0.4752949736975003 2.8974249187865153
3.241183259445172 2.9889202064584546
1.382158199974174 -0.8884862156766044
0.0822427618078215 2.0687942650978965
-0.0432563904403312 1.869412642486558
3.265832057553495 2.919270990931404
-0.9287928645318299 3.629609587592128
3.633371900957757 3.004002667760085
2.8093145306233964 2.3722009423683375
0.6864342311439472 3.448287705824264
-0.0525250591017375 -0.1665750029404003
-0.1728745640607122 1.844589046457568
1.4124825914045327 -0.8124992908835558
1.882374015689041 -1.7273630723398956
3.8743895173804375 2.9317268266098075
0.6159957883400335 2.5338523948366127
1.7379064232725503 -1.1376529356147196
0.213516876784496 -0.3036316645937344
1.7379492347140424 3.5999987959386632
2.754234030373491 2.743699512041208
1.1860192640863854 -1.2284274426093573
2.9125746404392094 3.074298479280289
-0.9165348872712508 2.1967272849496577
2.362861797684416 -0.9061478497049549
3.8428674227031543 3.0082931010980327
1.1748392371146859 -1.2585170103724317
2.324280883709395 0.6639991135179917
0.9477450658576537 -0.7730396208076502
1.8952637553152278 3.092690258217395
-0.0325651299531324 2.944870436472511
1.1929815238795385 0.2797288921032783
3.8071513868290743 2.1101256188042923
1.3787270031852106 -1.5101183214944247
0.3127104305650753 -0.1570189048052336
1.4164672700755585 -0.197772388262556
0.7537357358012882 3.4263333339289614
0.3019491941817541 0.3480259392637271
2.3458231510187253 0.6409308938211257
0.5470066162682471 -1.0011192495138044
1.7207211991384381 3.2905006344128678
1.7235628562104577 0.4058904010995402
1.6688888381982376 -1.1591735267245897
-0.6186401020700044 2.811860820708607
3.0027728254724346 3.5995757976854392
-0.4098101846439332 2.3693659436380057
2.328744906648143 0.4558588763170407
1.3662512464766063 -0.0400265104991046
1.6250499894833759 3.4401263030821276
2.166192929041592 3.2291090122679478
2.325083286294279 -0.3491316383377609
3.75296281701723 3.6379716513259166
-0.0889433364791879 3.8514601749371504
-0.8818956848771939 1.6355807390494552
-0.275929126760894 3.2746659658033725
3.0074292454043676 2.4067317855515435
0.2383826425834577 -1.1726231708354655
0.0951658244957574 2.955591520365224
1.330066428280085 -1.2419247681322598
-0.9925083558663969 1.5636354699307244
1.059619267161221 -1.326843437117855
0.0783121804998931 2.5334158191811413
2.1311454653800546 -0.5273922626548542
-0.1777357931408174 2.080113151921454
0.9838401161454396 0.4625614412447618
-0.9500869092712224 2.437903701711594
-0.0530537643738102 -1.1569095631376187
2.5079366205737945 2.922101140777294
2.5552246943183974 3.0251427814357905
0.0227869300457164 1.584503617382761
2.1271239607469425 3.4325787613636933
0.8010534514444468 1.7311408592949784
0.7871838291678771 1.7753909943954695
0.883949620069445 -0.6928953492617715
-0.0215235968132016 0.337726685920125
2.066324819732946 0.4345155544377059
2.9694425218287046 2.624704390857807
-1.1360593930462282 1.9594233556063596
3.1624035370639687 3.3818225819257917
3.5356227727521454 3.7866170817507916
3.046163377502998 2.5273211548362564
3.1321697220110583 1.8753671102119012
-0.6842539292552396 3.918563692794616
-1.0516819145958043 2.4963364675266595
1.8950173759322233 0.0893800550405752
1.0654003920048938 -0.6126225792665598
2.902765944251991 2.4464504253131314
2.563936240330304 2.155662959389233
1.1151751529566876 -0.368421006938056
-0.6512107123708173 3.7307380765582225
1.4352753849857296 -0.8354476624332727
2.2417025479728014 3.9549713006420624
2.0743788248869413 3.322668204840443
3.445665224546468 3.727561738147021
2.306139258015927 3.6056056327062276
-1.1915317024889556 2.996947311448433
1.0321417806559028 -0.1447840025848688
2.3329414080702477 3.2583524230652867
1.9292717594572013 -0.4465806911054595
1.8734764152075625 -0.9956677929865035
0.0111625685920302 2.3435321750927827
3.4997160107556877 2.739043616179641
2.6812140597969134 3.1741740822163766
0.1327413294780799 1.987109496939686
1.7556887466536661 -1.030803427209083
3.131254662143644 3.8750877264766035
3.3554486215637978 2.4802330700293975
-0.7625727539153853 2.506411341654553
1.5638000622569725 -0.7614831720670069
-0.7797205528061868 2.0489318008195654
1.5100010924481364 0.3046483505722418
0.8393102765352586 0.0802033370404651
0.5934504443997216 3.0474705945794867
3.3647493863259212 2.8229993411314855
2.456113497034093 3.156215079189093
-1.573409842376585 1.7522695058369726
3.3450412348159335 4.184936226531656
-1.2478719341344042 2.6560876605089363
-1.004473334036624 3.2962138339005937
3.5105890034860647 3.605523473745821
1.088386862224557 -1.7864867325712515
2.7686479196635414 2.5561575462045214
2.9093915254689087 2.8404173022539303
-1.4028805838419394 2.3308433674909756
2.100949532563703 3.469173661155692
3.7175884227467404 2.6244791479389185
3.920762383397562 2.2689844274669086
2.4961773909679654 2.4442410326906034
1.4266766078970678 -0.4764580190481896
0.3481048537082641 0.3507136853858533
-0.0038472768216075 1.7999644536586403
3.9972681177773204 2.0410928546322102
-1.151574165652184 2.0105035366430393
2.620814957954254 2.321258456116839
-1.3689898206702842 3.313909995298129
-1.4356202926637447 1.8401688063100572
0.747010302623821 2.7066876495754046
0.941215843096773 0.4909610683193246
-0.6190335051225795 1.793263487501561
2.7480471933545605 2.5284217248979903
1.6988565177629795 -1.7649724951416588
1.541644852246393 -0.3112821289774195
1.9689088857028654 2.845082803391916
2.20884357607093 -1.5211854418266022
2.2399535453445223 -0.9940400322692694
3.088372270977459 2.683417502814481
0.0056193897175665 -0.9504021662950214
3.086764660795178 2.343924169724212
3.8044519696545485 3.33138474285789
-1.0661752591231413 2.4197853107291825
3.185587103661752 3.8468180434418127
0.5346879767065192 2.0422559446146957
2.2956651620857964 -0.5774133356232529
-0.0654216093205467 2.901304676541022
2.2144399998387243 3.913511998768844
-0.4706423441025678 2.4115252273418473
-0.9112977965674005 1.7720816931431767
-0.5177589513043384 3.99471305683836
1.9165423267566333 -0.2389734538272516
2.763521345490737 2.846643857319989
-1.271889368996172 3.46296271274264
1.7084713097569961 0.5414096524477651
0.898582877797872 -0.4068480955339455
0.6421722210653769 0.5477863644723524
3.7011948876279908 1.8135915925789143
-0.1458165090062918 3.8562415259525773
-1.242374437350402 2.1577299623406367
1.636115526583809 0.1854236987766206
3.539850862658675 2.238845116728439
0.8792005917872614 3.5256885354350125
0.3526913290805822 -1.5737027938027168
-0.0154239486190886 2.7043555003292297
1.3890855775012123 -1.32010823139939
-0.1817629536544017 2.4838364906726844
0.5113626217275709 -1.185963721898653
0.7690419608880575 -1.6501830325870743
0.4653740390829013 -1.5278105081330904
1.2828409987014893 -0.8383157798382723
3.0591218522782357 3.244112628100633
3.973387663980529 3.8354487180814663
2.8509515992005885 1.8241101747121766
2.985134507125382 3.763807873086726
3.6562447447876116 3.0722156103923903
2.996090745474071 1.95319274451512
0.2274129810179119 2.7112136454642863
1.6475174336618061 2.414035598538008
-0.970507059833389 3.4781611859478
1.0712135888043075 -0.9191618331565716
2.1553945762123905 3.2675898416435447
0.8865290243743349 -0.6728945737116208
2.3585463768960944 -0.9835866934806514
0.7521521244119469 2.9426836823697253
1.1391073675898375 0.4439688830901706
1.6183293189248318 -0.5818968233094739
-0.3497369378364103 2.2332978522561953
2.8660208843624266 2.6082935124502398
0.0857781232827215 0.4984401853416484
0.1222966712588339 -1.4649464339374807
4.094005033433082 3.693899139187537
1.6588595890294846 3.2657488586603898
2.875372294439588 2.4301375566485075
0.0177875517057741 3.823457274355984
2.9117070823446096 3.760464090223038
0.337918028743086 0.6409735749640928
2.6385192866314884 3.8265039787286477
1.1840836688063103 0.1329704185432996
1.6011421321166939 -0.2397064582546538
3.1318417497999453 3.9896952166057678
2.5249737261525276 3.6219483405937223
-1.2720792945559574 1.694205522060618
-0.7003286836688106 2.1254329701080716
0.509529829826127 -0.8371189797005216
0.3454077313601441 -0.3330019835130361
1.8682245935957789 -0.5869921294609937
2.3396824772096667 0.322210042131038
1.9813106204339939 -1.227942490023729
0.6636745075203878 0.6178151996802097
3.918119206391421 1.9629526498798338
0.670376627873048 3.249836072126132
-0.9728790499895489 2.841803418154659
2.4753313595924236 2.1981783882152883
-0.1393316348068525 3.284357564704018
3.1099517706540447 1.9931478563667626
2.291999158837682 0.1465171143436058
0.1547862359675271 1.7468833997915767
2.1002880590741997 4.209852709027082
1.6230104210975167 -1.094711998458037
0.3717067935779235 0.2535924285490159
1.0094154261653567 0.0621935308401265
-0.3222770011374576 3.685625882139201
2.1228463419211705 -0.88560927557943
-0.9363479052964958 3.705325765269686
1.9042202063163536 -1.5663113631085293
1.5661340630379046 0.4917994803561645
0.0273933442885393 2.4557443346947605
1.4019294400346167 -1.626530580643471
3.7395047786602107 2.707585873580787
0.5648897340749655 -0.2157378719465223
1.943861805983613 -0.8209183107455003
-0.2307057556030789 3.9333643466696233
-1.5981543104496414 3.4234067949050004
0.5256964656819682 -1.542356971811429
3.604805852224027 2.996747196798311
0.1102996529614155 2.3572531941356294
1.0745882538882754 -0.1880840753075971
2.270757366092221 2.1938415194414413
-1.1405361625419963 1.944651299242566
2.4535080099287567 3.2264860058472724
1.8753491835052976 4.013159796115391
3.1693848163748295 2.773555108813962
0.6346885125651522 2.7099132216173576
-0.6825774545985545 3.00416055142158
3.1631281006697356 3.7086493474657347
2.5372159709373214 3.9807885785946113
0.2912447884444575 3.18608403642376
1.325559004402026 -0.7100013227135576
0.4617700396884887 -0.9855109361276824
1.555530275640152 -1.129512362448365
0.7272839137432345 0.6234214684084028
1.866814684349031 -1.2958620476638611
2.33876045596702 4.135077796950245
-0.0690534761721814 -1.1528379002043445
3.304125586588813 4.231926596229504
1.9091193488844944 -0.2556661255341734
-0.4968155364290316 3.553740729899255
-0.3050241892122158 3.4207113185066316
0.0830863038009103 2.484488538291617
2.257826660177511 0.4606632937616573
-0.3657078506598454 3.2284903349471343
0.7672238176514349 0.0845720582774062
3.8427198282603685 3.8222459478066617
1.7121771697833315 1.974794499674087
2.2133484914277184 3.9787593499297795
1.8097901833240577 -1.2998474101997228
2.32077607149305 -0.2175548277058722
-0.6079064403069068 3.5019133280097634
0.0465271108594135 -1.4233369204848
-0.3367708949968792 1.824175188774148
2.7688029195934507 3.258047946991794
3.209054216472377 4.181917570890213
3.981232880145636 2.609040389649892
0.3302008223325424 3.4822619824504604
0.6202611318723878 -0.4617662957280565
1.850979108533738 3.6074975843497734
2.1833133385820487 -1.743945076392303
1.7455402159873183 -0.391585166570907
0.6116257761627271 0.0541068535590249
2.058715391250168 3.0212595556818616
0.6604001869564895 3.0829060120368412
0.0243432244506568 0.5392688375309593
-1.1285400594110286 3.4509171969443178
2.098833176457988 -1.1764662279395075
2.660040838694144 2.6715325247728634
2.1772761285274265 -1.3163002943229896
0.6256398627136519 3.3707573726597446
1.7748747999000865 2.280754240190231
0.0395525283327815 3.592906634562648
-1.1104407909639602 3.5071852549087112
2.541904365533433 2.49124950130474
2.472528307206216 3.3247888448452225
-0.3488340267276383 2.788744946659545
2.2979686614062924 4.217026317677702
-0.538384826216898 3.373543087659653
0.6921632078212526 1.6260923513014531
2.365823576880441 0.2262984661494184
1.6620174561451244 2.4295473868046886
2.803855205876188 2.0522385005115575
1.733669592861529 0.2810663524013515
0.5547296849741784 0.4196831716463393
1.115823376064009 -1.0408233298240113
1.0922827317131991 0.093368697864563
0.1340338602096659 1.8751000822004176
2.120970445825501 -1.004337185767538
-1.1015277690072247 2.7043774996851657
1.1115032344205102 -0.695345244500442
-0.1633384176462207 3.024754398295636
-0.2518763759136417 3.770831007233258
-0.8553102302751905 2.5479887263557877
3.701072534920479 3.1353957859581674
3.51695266740295 2.2450605390062677
1.9570182636896742 -1.0763705056728043
3.3338784218165345 1.8911069812962464
2.019692287496384 -0.0672671400251015
0.6093532622283229 2.0315828291676223
-1.236605187135227 1.9238581789821558
0.4942644644895367 3.554369170735607
1.7188176863232085 1.8671289804025943
3.222573925593941 3.084220065980677
2.0846899736464177 3.995185013310141
3.1423423450185863 2.9835864593966206
2.1352954998437657 -0.5645601281445108
-0.6629400206202269 1.768940981533389
3.8566399754863934 2.5037812081379918
1.844994878032916 -1.6705362642594856
0.3414497806993237 -0.6738732411309523
-1.3658880645426767 1.8851450169264663
2.45856722059103 2.314619511803318
2.4872332286647096 2.564501157876273
1.267175236164414 -0.643266243891009
2.5712320556589328 2.9443506735695406
2.3282909477540668 3.1752167503072277
4.098383988036437 2.8162183738048197
-1.2149066219166522 1.7618867934654847
1.6393680098084442 2.0940548464552236
1.8261973616831282 4.033641917091999
2.5845300338987416 2.436488626627094
-0.3754582394986565 2.793743179017161
0.5092121434433758 0.4746318903813603
2.207434544678473 -0.893878249964157
4.083543998443053 1.9470778431144364
-1.228873300899144 3.8863390358467287
2.5042603850996836 2.577393907479382
4.021849498249009 2.5210494714642473
1.7048725743409288 -1.3844581900861237
2.5666925340401074 3.141634081830265
-0.0628076954241206 3.4652996020379523
1.6028241067561515 4.073120027439925
-1.3305685811142276 1.8885663883413066
0.4732344252217907 3.2147187128589545
-0.0334357388792218 2.4704715754166187
-0.0633788094111587 3.7582711423314725
3.449211823941278 3.6563841463846245
2.9251032239701904 2.6922488283075023
2.1673334175613514 3.0905129011051775
3.586844884398926 3.9124027463054833
3.03470040810968 2.0786861762629694
-0.6483658669762165 2.121401519432326
2.294942240278852 0.2215494587620788
-1.2772252822629115 1.7299148304977887
-1.4560063073266227 1.648441587169697
-0.2885984661549796 1.5619814065698423
2.101328198460037 2.6356242393620155
1.615300391427838 -1.7867682715993993
3.5397059236498802 2.3124998288213257
3.4659325586035217 2.147061975778283
-0.3480475209088164 3.0442269241484707
1.2663542106652472 -1.211843821500418
1.9794926936987838 2.651679820891371
1.6811832974920515 2.482254912103951
1.8996509731294753 4.253822271434018
2.19573730880601 3.2994849062598566
0.5025137484904162 0.4313096396540201
1.096228719745233 0.1311441976741232
3.546832704720089 3.8869276888243625
2.089421407398701 -0.2170432445259531
2.808731544381262 3.490194432195556
3.3735250660088294 3.739601447767055
2.171539646399728 2.677880221471542
0.0322739588675013 2.921160803511822
1.3930793961311523 -1.6585106927031694
-0.6848299776444583 3.7234522739606386
2.2701532914264946 2.3758608795980107
2.7913070235194186 2.8356071437616643
2.062548588150267 2.5729705753236276
1.7060617326888183 2.942579187990288
-0.1770761606353196 2.6644865530319937
-1.4941154545034578 1.8539055043616375
0.1313811249448473 1.9917894947827706
0.6433858253670293 3.880198306209147
-0.5904064386731535 2.337308832529525
-1.3051620041349823 3.9588204127467703
-1.3704140408030825 3.9549463050303104
0.3175784538822228 -1.5991494107629165
1.8968363977904183 -1.299165635157082
2.839560429440238 1.9001637219308585
0.7834101823428112 1.888655394451647
3.4177216193600346 2.5938858990100915
1.6934176126545362 3.5607789603706794
0.697837720152679 3.55864361898961
2.3904664385731405 -1.631761958762872
-1.001201256146986 3.813692492838111
2.4628576667583144 4.15778696465767
0.7521365184584495 1.9656051218198958
-0.6402760559874928 3.5859035373847306
-1.116223723857901 1.8926966093823907
2.2444627150507346 3.749904589599748
2.6174979318516716 2.319023793213181
1.90502860643695 3.841784596468337
-1.339212961572914 3.870398274624972
2.257684069148437 0.3745596306911782
0.8674156168838715 3.3850461842237114
1.2698178712332922 -0.7785445734425886
3.2970764428081063 2.860725351591035
3.2781904246982774 2.136439100210268
0.2598777446037111 2.118075211942951
-1.084907035051471 2.023925135310223
3.322829443836948 2.572822630887367
-1.5835137246436604 1.587001433425545
3.201882431040765 1.9183057392465128
0.1272726573418969 -0.1739447359409153
1.4425283424235904 -0.5346116182163233
1.0976826409975406 -1.6354042083879556
-0.5621978228923826 1.8995370223866763
2.3829836508329705 3.0077127566270865
-1.0504158882683519 2.5938506148641793
0.3146651830716592 3.536754479990662
1.1944801554461502 0.5350534726226981
1.8597011994496455 2.9222174653972126
2.209162171534798 0.6571205967486863
2.1306340779484936 3.6611381054957017
3.2394209685225404 1.8764214480910548
3.149361626552126 1.8475556187176243
0.1434379016855418 0.5199216409635847
2.2146701050149256 3.892283445613853
4.026351435070411 4.253461957165579
0.8331129030406925 3.537781127270439
3.664755804733627 3.674446877415527
-1.5401236269808791 2.8195024403540465
0.737215281138676 1.5192186637415988
0.4266604519770486 -0.2735958218965536
2.116396320108375 -1.138562087115802
-0.4280068639292208 1.5528790065301645
2.034538332969883 0.0287215757462136
-0.7815474270272104 2.88543874070921
2.574253150030519 3.3625072327763514
-0.3116949446553913 1.5484060204852201
1.226903736320265 0.1335827205142589
2.6205563794314832 4.220651868635969
3.185039183777179 2.94048644461028
-0.5501270780223066 1.8855329709324802
3.497686379867077 2.1105135118827043
2.149900264626163 2.0569876121233843
1.0292126366628003 0.1376301688365214
1.7733675359934251 3.753634238117595
1.8660549945550569 2.7984066151414138
2.208479041972236 -1.6052208310467322
2.4673863174706683 2.850712056301996
0.0584357984288248 0.4435831826559916
0.3222124876360207 3.7986934598148663
3.137853306224115 2.3078737077669307
-0.4969478023692399 2.321365846146649
-1.0985952652642252 3.9829301084247017
2.4538388695271967 3.267581941245874
-0.2111108590204583 3.7086530988457835
-0.0814162990596189 -0.0570524125093017
0.3974648788144358 0.2059974798244515
3.1445847486816443 3.5853239622095607
0.0534872451248601 2.612681116633949
-0.5381790029542768 1.6311574073677755
0.4074797681444661 0.4573948772633479
3.6734288166326294 3.5237774394474584
0.796277600081683 1.8910334310494297
1.1289238894723435 0.5098549466290394
2.2253884288265375 -0.9376696693827833
1.8989179248316412 3.9633779773903814
1.8413406790000881 0.43283853540834
-1.506335630974431 2.7343901117239016
-1.0504977135550815 2.8851551784941307
3.932800208246133 2.785750812240754
0.3208629541347942 -0.4254570528873295
-1.32154629216186 1.5852193502055265
2.350434688458644 2.8168528867590594
1.3759645738444066 -0.4333691905698078
2.7537329910639907 1.8064617905254141
2.51680025280391 2.2226345138928116
0.7427865316189336 2.272466886716524
-0.0568449208812897 -1.0981498039490072
-1.1833250518201601 3.2573805140913428
1.937811933805917 2.932969537173848
0.0400540882890755 0.5110378183380734
1.7779409435170015 2.8280423674214776
-1.2142357737330836 2.309454575685364
2.286412947112203 2.1981249653874144
1.3078578923450959 -1.7816626198152838
2.5551650475463865 3.293182281732785
-1.4573227589477935 2.1195624380511147
1.2853933813289453 -1.702388996910492
0.6661045312164355 3.7715893461203724
2.8511442340075637 4.298470167021174
1.1846522803091095 -1.6727752919797687
1.9087569635760533 -1.1297786922143038
3.5261336907231327 2.297329432282259
1.899819957859213 4.139010114180949
-0.8777477068400814 2.8911049596857166
3.4058220144308144 2.140665088904551
0.7967090289237597 3.239354141967583
0.3331685613904518 0.4313313532825132
1.9349074410475926 -1.1077792178383286
0.2852279855063516 3.827156522313578
2.714115204698202 2.0485792844137296
-1.2429578423027239 3.7399883934175295
0.3817489771864314 -0.925874840140831
-1.2114981849802795 2.3514258093593567
-0.0719842143966058 2.8513347755060594
-0.3626653703305711 3.6842884333436663
2.025704633221061 2.262514786705105
1.8564077683040916 3.485325339417363
3.1256233406810368 3.2509571984066796
2.900139808010442 3.1693497101141825
1.8037594246945683 3.9747082460724537
2.16055733212314 -1.6186035450156235
2.9529118069720663 4.266349648380665
1.7225805136916208 -1.1066420870624327
0.2901977980995489 3.9142939147549916
-0.9395695538779442 2.175957892272698
2.4121247651968942 1.9772265558786282
0.6968027923537023 2.160409193459905
0.0598700344113381 2.2207291492333328
0.0008836285721601 2.2450275553111965
2.12956967932701 3.920986817446883
1.3660049646572814 0.042360116398108
2.0833162694883 2.5128691969489902
0.2488249050749208 2.1488533524825706
-1.377012600873739 2.4637954451013595
-0.9024365618032686 1.9718529925049328
3.222710974765019 3.6089963559081912
0.4856514861294828 0.3688628880795203
0.31931073699265 0.6166251532192392
1.9921471416593701 0.4256331268060367
-0.0189345637605278 3.2995280914085026
3.3901438021050296 3.238360790624481
2.2834672223595915 3.0404952533730145
1.8364557580221847 4.226853328802061
-1.5052805003268968 2.643662297090811
2.5675797658560637 3.3925245657826224
2.6987846763209498 4.244855235517532
-0.5431627966017962 2.312166745685575
1.8164294026179562 2.76775897825891
2.264448026272736 3.9025241624776466
1.1627100385165543 -1.428368826510996
2.223977337922222 2.3992762542537855
1.0877753624681308 -1.5193111738855691
-0.3532164316885212 1.5610591081316414
3.4710768568486148 2.366528824022675
1.6958109008788305 2.908800982209733
0.2789169547800838 2.923859516676989
0.6189192330315307 -1.0023723957643653
0.9171501795966833 -0.7951640555741277
-0.0760890688846234 0.0029954272962932
1.6522845059902638 -1.4556668215018718
1.3078319644916458 -0.5119024711439154
2.1516069519089727 3.9489848035368817
4.010300697413192 3.310516508527999
0.0586251680195666 1.700341728579157
0.5033450485884976 3.267977548935424
0.2739383492870138 -0.115046160392249
2.2656609536317083 3.0654788335243306
0.784693924369183 2.0965994999435127
0.3803753378346381 3.6770689991559484
0.1329774451723838 -0.3354598023884762
2.071150002688467 3.1587133785325756
0.5974381410472791 -0.2281781600082136
2.091407480201418 3.8047301840056478
0.7640196920401208 1.97555711083541
2.154670098867682 0.5664185125753891
2.0646387164079334 3.1121626589913194
-0.9160706141293116 3.566096713099299
-0.9501890163581478 2.7600380025622266
0.2094872585880674 2.846260323441384
0.8995961563316887 0.3940869029597568
2.191081616334316 -0.1804130358416421
-1.1896224153855357 2.973786967663432
0.7093823326438538 -0.4138062969875957
0.7992187037498598 -0.6497449423543207
2.27265824120258 -1.5619420229588994
0.1648483294877904 -0.8480210351933006
1.5087183390318357 -0.1835854443068657
3.946119321794218 4.040032632017839
-0.1864491253864831 3.863212023733789
0.1365291584900716 -1.5473430735338485
2.964551263553676 4.058560158041757
1.6254771723709311 2.7581384655478494
-1.202180435547012 3.4828509088591844
0.1703990939413834 3.28601443086259
2.929984995022281 2.226200579494384
4.060964777766292 2.9852157797035277
3.3450458768926765 1.9926748149945461
-0.7116793400539275 3.3825249468463987
0.2747807975818241 -0.7669484417186132
0.5039411507791558 -0.3371109535757407
-1.0265474601114808 2.820345902939901
2.767648313820205 2.6340435926257935
0.0581029334182177 1.7073990317229093
2.8353007131179497 2.8115034994598904
-1.1541269491452841 3.7178326522853777
3.6090605070244988 3.514348658211429
1.9709145386797031 2.112159476731656
3.4510516251937338 3.8348786134301847
-0.3327996309238842 2.831006920149173
2.1297909066180596 -1.5711594592934344
-0.3686538470755061 3.7208799875722263
0.9353690065506993 -1.5667326358157445
2.2521696636217716 -1.250828946636797
3.879082755982035 2.871443138124175
2.4287972765696577 2.5233176603333107
-0.3800915918654632 2.546640258320175
0.6293057204550461 1.8530453455974043
-0.3162721723757854 2.3361301488559585
2.1880031161260827 2.387765154223952
3.7958999112494145 1.8573959380709213
1.7622352929157206 2.511629173750743
0.3622500337492941 0.397456732337038
0.6139448364070091 -1.4419887938346867
0.0329301227801163 -0.1821009969924431
-0.7316221842855574 2.519792609921705
-1.4625067788057002 2.975776207536453
3.806719604230779 3.3771938723898143
1.9749619182320794 -1.0547646212090938
2.8866090926458816 2.059295234901838
2.3721883091358587 2.805541342274312
-0.0417553877485607 1.9909073201599532
-0.4168324280190196 2.5020681140278893
-0.0118684235866522 -0.346836627966578
-0.656017547778048 3.518374561814809
-0.2033975920860496 1.9062121129141294
2.4638346734822445 3.4789951861775514
2.259508756762076 3.2885789682600923
1.3345083198692906 0.4362705293715044
0.4240422230609782 -1.7301896542701276
0.5539878311946684 -0.9078345077666631
2.4943539175311553 3.2637036901218464
-0.1817226775755269 3.463806320329186
0.0841521703765156 2.837595097619581
2.179961973702001 4.179285395090349
0.3508093993205985 0.4648764153055062
0.9765899190322411 -0.0676411539923761
1.9392428558069768 2.9622211840709975
3.4355636281840907 3.9707544514808384
1.3077249697045756 -0.857971481677049
-0.4385880143256026 2.470550203977014
1.1773685416563406 -0.868943477783156
3.09259668668102 3.369295466095403
1.8123229604482833 4.080911707510698
2.9027332761634197 3.83921942954872
3.3850988073192503 2.642859013865014
-1.0152103331033826 2.0894176090088292
2.3245163046770956 3.776580162365491
2.721925340064484 4.06540327688196
0.391015864082604 2.7373398385701306
-1.560774033140134 3.332938759784945
1.976920465912848 1.9297261567951627
0.1876104928562359 2.6378047626053354
2.3005178932145807 3.177445120587103
-0.5498012921679426 3.8198384092775655
2.801389267621018 4.225150659935482
-1.3977979882267495 1.8485527353616293
1.7511036795091266 0.6719139353183927
1.238084062034636 -1.6927333487340823
1.351122724259382 -0.2113150046336021
-0.7151305603456748 3.3476993606908856
0.7355118961036873 3.6617830181261266
1.5125074530105571 -0.3552007311767096
0.6661884407844201 0.4936643157098463
3.5024309206403768 3.7484724727834786
3.365286475186407 2.6114162952995517
0.6894105368242897 -0.2925429054585853
1.1387288411697531 -0.1689390875397577
2.2751604198633806 -1.4879135602370537
1.6143822584248986 3.727588053462504
1.3751666705166246 -1.584427170299429
-0.4303989500320683 2.640481504548388
0.5934524952830846 1.5410539337971374
-0.8478450858538203 1.7299010308205283
1.4403119413227246 -1.0851490350077024
1.9114871650648637 0.3642139898022574
0.3568883232381734 3.5443949699892916
-0.3444598540493709 1.8910943585159936
3.437432897396666 2.173230534696426
-0.4887541689059865 1.5984045647384957
0.7545507638866382 -0.8477266680933957
1.722488515747351 -0.6910440265550037
-0.0655029979493536 0.2563549289160255
2.9894545645452273 3.9513245930410568
0.0349826350679756 3.858034627743023
-0.0224926631068573 2.8997355773755253
1.732017760947175 2.3555078479937395
-1.010857918023911 3.521759749832481
-1.5855490123973248 3.0932824207618337
-1.375852859306503 1.9486220479748184
3.540637667139645 2.9471794691850213
-0.5972941050947964 1.7614408654796607
3.5123417934925394 2.168688857383109
3.0348500878713645 4.1768848085898975
2.0263265942168953 -0.8131552584502821
0.4475425161706204 2.26545468467419
0.7223406057360493 2.0493231925727353
0.3156399130474138 3.2565526854971174
-0.5848010138234556 3.6691492578119638
3.2299965766706658 3.604792923465173
-0.6061894633257661 3.415192949998566
3.5569645581843106 1.8512972874126228
2.772370026728383 3.0405997888710625
1.2616631804582186 -0.3460769465256883
0.5924249537172457 -0.5470382688287462
2.8315901172119817 2.1072174824064374
0.0725261310187945 0.0370374753765555
2.6061964854878297 2.819326174068209
3.2131939408060632 2.5047360555163154
1.9904718294494936 3.697085049296369
3.213739773532722 1.8063455887474928
-0.8223453898478266 1.85129167182978
1.7968568601109227 4.247259417250395
0.7291081295099594 -1.1836901790294887
-1.2779268032896784 2.4989415322040447
1.974857952744874 -0.8705942865315544
0.493453435377812 2.4243564058398084
-1.1090503022490674 2.120680364414907
2.33506857603304 3.717735193650689
0.0440814900362762 3.8958965781794945
0.1511178509356794 -1.6832498217489322
1.4659933680420414 0.5685105613475173
2.173971092760681 -0.6987613348444615
1.6331548264328406 3.0508797142636954
1.5038056287395474 -1.5902790789553456
1.1422186098911244 -0.6286364371184033
2.7914542269667084 1.8403225055457852
-1.550780935651736 3.2657398288740698
-0.1792118020618471 3.471235326350035
-0.0028086424520355 1.672198490615658
1.8451230381207884 -0.0953793107710377
2.2679864639161322 2.911351159470492
1.207034372138025 -1.2651949548234978
-1.0607993106205291 3.1925021166949668
1.2567490631865257 -1.2428173116271888
2.117531080535493 -0.0236692707674691
4.008299323401241 2.008367951806264
2.3568272899647997 4.177442910501163
-0.7643490352063164 3.165393960776985
3.8757641012847883 2.2120177285225826
1.919554197520546 3.8927496727327355
2.5103613593494485 2.3240445019693547
1.304546582212731 -0.4104578064037809
-1.292354053453517 2.6350369135468252
3.8718791803108945 2.0484536492128838
-0.9509338590755876 1.9257040983704319
-0.8144132324951019 2.4998285033417043
2.3374509737324343 -0.7321309943324985
2.1387379416997065 2.946357329656118
0.3131940892170413 -0.5878085123486532
-0.2886218571579978 3.0291021196454566
1.2134760825161561 0.6282291657547547
3.7568030396464147 2.2307717812324035
1.0803799478273393 0.1967765395542324
1.9177673187275837 -1.4688272020466648
0.4079019625425615 3.235415309239931
1.5144577239821018 0.4524107327857011
3.592665995029043 3.1132711542210867
2.295225266583253 2.0820718045567976
-0.0734714688590288 -1.0211077429424935
0.8668991958132775 1.5009842150240964
2.0361825876393516 -1.6214167418298064
3.70278789582781 3.0379725757894755
1.2946090617227155 0.2037876485557016
1.3215211776275668 0.1468218833212346
0.8972406957009351 1.9730290450003334
2.2395772893210655 4.273232493523507
1.7772857909121857 2.212186256087229
-1.3714567002970246 1.733568048592567
2.049905523380994 -1.1240502265111838
0.1521401101531815 -0.8776756359764902
-1.3870163063144307 2.0928779334922427
0.7914903906260135 0.0037984777379423
3.296669302386775 2.911359043754405
2.232405860254691 0.6947842396773704
3.3991516396811514 3.212182573744247
-1.3513983370759264 2.2817362975792803
3.9995087658158868 2.874157350183279
0.9882314312804189 -1.316807980831401
3.04725389804891 2.233321381386136
2.152818907985694 3.5840659302237095
-0.4390326084937811 3.6665911743076376
-0.02562823518765 -1.4478184418357738
2.604383665803206 3.849371830620824
-0.3938662085108458 2.7718970497747075
-0.0059051655920919 1.7137748130896484
1.5047864289134543 0.6274078324998184
0.3666528696318586 1.6722355764972654
-0.0672567754821072 0.4850055058907072
1.8177299439161592 0.1758440853098973
0.4525709704746118 2.1384613773736314
1.0473215585229683 0.2458545448821282
-0.7491283580214285 2.93270091201854
3.360540512580776 3.444602455149923
2.0176276327481544 1.8221121068131987
1.3967691116489074 -1.6153067295101624
-0.6354949246589673 2.6937028771631826
0.3818625921113237 -1.3729526143804032
1.691193512949635 2.7976196602282384
-0.7588917114069592 2.872400160766154
0.2243924735627802 2.221139446114943
4.065126196912319 1.9943073508731664
-0.8411684060205509 2.9711720020239953
0.7378546746304406 3.9003616099778067
2.0607926408515764 -0.6066386555340375
1.4535085783901103 -0.415854376709959
1.6868535728460532 2.707325905201328
1.3638825900238263 -0.3624247365300122
2.6382135336405383 1.9874502021065785
-0.7308512962933414 1.9723327520774432
3.148506777429813 1.8465258476291073
-0.6904848456784387 1.8247249404901773
0.4106366965343601 2.2361191410710446
1.4566214650129925 -1.6995323898087489
1.6457615970564015 2.8547626040419254
1.5266104544152772 -0.0554751827297096
0.9744040324592792 0.0739426001436837
-0.0710013733849262 2.204400215966939
2.277142428836795 0.0198424231074151
2.087447558769043 -0.2972778100311622
0.8411619555540238 2.8502048655752854
2.1197046696925415 2.0542854566862356
4.041345032193695 2.636721299195463
3.572172485572238 2.0949975122458877
1.274325362127553 -0.0040705020526692
0.0796360781680399 -1.5066163026661104
3.4423218293140736 2.66984555575638
3.9174249805620924 2.361317793355583
1.105998324995488 -0.5393728145349513
1.1788881237428197 0.0285473480851012
-1.2953422514840562 3.1128172655551616
2.6310590623993857 3.2742165204115046
1.3685236406704782 0.33234658630752
2.4368681379717683 3.456038028042811
0.2189308640867652 -1.148769106067586
2.2647803390573538 2.6562887658869996
0.2279397813595503 3.995907994921979
0.1736221574804689 -1.7965446068750244
1.6867379288287603 2.566779120012502
0.1651141473997241 -0.9592762002354367
0.1105759833875294 1.9825094183493153
0.0629571276336493 -0.3708489193291535
-1.411947387295839 2.16865612601617
2.528719355148325 2.082302668632528
3.674677212125249 3.5760244247346726
0.5099456705502955 3.82800162984711
2.2195559770193736 3.97331829684535
2.3067203047760634 2.615536627273328
-1.3286418046830624 1.6303114921395907
2.162492354224379 0.2184206321713482
2.06999296879946 -0.279235301822021
0.4261986130117393 -1.2106167551024882
-0.1998626118073882 3.594431317855168
0.8140194413730679 3.239596523979964
2.718493390202703 3.749291175330457
2.1839840983153134 0.3296210187711123
0.6446731789960016 -0.0526405620407178
0.0519470862582233 0.459042869090686
1.9679770205499616 3.6754149014649675
-0.1277574771464714 2.33950172639291
-0.116030334605485 2.4888185808426755
0.1898578219329871 1.6954528436455547
-0.6546122758602999 2.0623399775087456
0.4224861728299269 3.323492676273073
2.37926709674671 -1.6120575921252656
2.2513159629299015 3.791978193440601
1.9258196615896155 0.6534301515530925
3.2659066039711244 3.5304989422650017
0.5212613651273057 -1.3546317683704936
0.0861195984426027 2.8809464621534593
0.595669156462946 2.296038649457774
-0.0622000866847652 1.5244325438761672
2.2262621400593425 2.1352563865910765
3.9619653605213494 3.559155868879636
1.0923775416035149 -0.5291225937112346
3.405902940171624 3.8966494961373064
0.6735148756405503 1.6297828346408787
-0.0464342806033984 -1.7707765038451568
0.8910268899849565 0.5438346009102439
-0.5680435780736004 3.709672032263505
2.478110618785224 2.900253846924075
2.1349943195888095 2.9272098610964585
0.649931722493924 -1.7883983755199035
0.5595036392337122 -0.9969573950242108
0.8655294603956928 3.043486725409457
3.9588867527843763 2.7346466693571014
0.4630123323588273 3.6594566143387905
1.7594630259179818 0.5585721725699629
2.116204837486929 -1.4225952484738897
0.8489327049821288 3.714178242445244
-1.1642324442385914 1.6496859720226507
2.347012189696335 2.9059899645715923
3.706764447226456 2.814118191472296
3.222042236013219 4.087317724460008
3.5199044769386485 3.6771803037630226
0.1063932043327626 3.197249110559759
1.9591233365904293 -0.6425583838311048
-1.3205612293530908 3.9584810021780013
0.579925915664407 3.074032948794396
2.1157970223086235 3.3872388428777285
3.7042677550421006 2.049933612106374
0.4790245400326712 -0.7141018385995304
3.6126819125582488 3.358354042836738
0.828710318303502 -0.0694402775010027
3.1735094356871345 3.036299612088426
0.673959642548644 1.581053817765589
4.0091273444171645 3.1307494056961245
1.2648001469335135 0.3814375434838077
-0.0368623810496502 2.187872649160919
-0.1534616874260142 2.2508958624598185
-0.1964466605058555 2.17873292643131
2.9818734566136404 2.0343353964665516
0.6544154536874954 -1.136133697280566
0.4191648080737175 2.8324372443839607
-0.4773118371229875 1.998088298914483
3.9639649923019222 2.3449184880937244
1.6489090195140885 3.4457510545345427
0.4509147196713435 2.6606363376554403
1.6912076595291015 0.1165033194110962
0.3401765538643857 -1.082001432183228
0.7998963518349729 2.750612985046418
0.7810484456484851 -0.9695354533866289
-0.557547139013312 3.822310562207138
2.885415624008387 3.215930250554126
2.6866261549011363 1.8533504094713544
1.7187985478443037 2.977918637069733
-0.9304765306191141 2.178121491962008
-0.9310577763127504 1.9151185019068424
3.8717172433372005 3.768166201998048
-1.0526058075097946 2.6325920355553167
0.3224223484641954 -0.8293027890582402
3.6652546230136664 3.865238202092513
-1.2357595516360933 2.080996074501736
1.3344023792684685 -0.7566501133277119
0.428064316756209 0.2549213000173196
0.6707802247920397 -1.513810850929105
0.7637903773448662 -1.6429650767839818
2.876457404213966 2.3148857613674743
0.724338257317168 3.262271398584332
0.4921547242537514 1.8322596135711657
0.3710668143775182 2.5756072310224987
2.649374415261923 1.925698204220411
0.2424916133334553 -0.3512315794154478
1.7592595100982167 0.4871591797364233
-1.3589236283009063 3.1827140912659257
1.0801979428519908 0.2381142504246859
2.4365909886399955 3.014567384535758
0.7985130579181497 3.1061759496478545
0.0034078005347284 -0.550659093048164
1.896408573224308 -1.725160369259284
1.4701545167646706 -0.6337559903026868
2.0859315995381755 3.7997660585588293
0.8257079034872166 -1.7812091795427183
0.5522365952946527 -0.0926994339770996
1.777821102169806 3.757244041264287
-1.1382153950062028 3.176606681481627
-1.4398647447022206 2.2830276477426175
1.4768218926657009 -1.1197584580667443
1.7083844663404508 -0.6105270987842415
1.2447010518479844 -0.9795420673185509
1.5838594523789178 -0.3489639583953327
-1.0758226991837665 3.7846747964741034
-0.8325195207520331 3.7061441501518844
0.6843387065787696 3.2411455503628166
1.8250249588070047 -0.7806099385306935
2.514062024431987 3.328108896852506
-0.8913665480614358 1.7879661230754185
2.652814131600345 3.0549869755611163
2.0058722303595555 2.9650887278024287
-1.3559277718688447 2.578751424527626
0.4201123236612686 0.5701445928666825
0.0322367072428607 -0.9604757647102744
2.3406221869391657 3.831890664224097
-0.4280342236298319 2.4760709421709923
1.984969688625539 2.5588865150022033
1.9546816638132938 0.3220355292114806
0.2775120865821723 3.0100867729586835
2.8065355748550256 2.557702676251407
4.030363680662688 3.838816422493779
0.8357744386925738 0.3755533955052483
3.2936440540224985 3.326151362213561
4.098365017572977 3.642714109007943
2.0988145916207563 4.174384069293255
0.0815888118976374 3.909287886280271
0.2862484559022567 0.0472311072236886
1.0471396042474073 -0.0976290160895774
0.4081262702545347 2.5809645849798346
1.3433770781692758 -1.2403798316082462
3.8783496393638495 3.6580270246361546
2.075449758367475 0.4200086580003157
0.248805027078535 2.993848807102853
-0.0600184856779262 3.5668855516506763
1.7232403806570509 3.816592749764955
-0.9963518663750404 1.634980306004001
0.9193354042413994 -1.1458073798633965
0.7497132561535816 2.3534199644978218
0.9875977740315421 -0.6042029661787696
-0.0310057548991729 0.5872517669047586
-0.6292274960209605 2.0659855696223994
0.86465950579288 3.2526259198411616
-0.2002966481575681 2.3383488944441817
-0.910705066041503 1.8831909856855846
3.458461551871655 3.3210811787696413
3.9641958074919543 3.8878979452182554
1.9844139824350162 4.150884128633886
1.210368959765171 -0.3198166339904208
0.0231380852835791 -1.3208917289837407
1.4997018100012849 -0.8396827251545425
0.2270392544171878 1.862017113394342
3.870833086663722 2.2984925874428357
3.562223433382532 1.9412215170368459
0.5733867443954725 -0.7559092639454489
-1.1179600785814023 3.8764060596212864
1.8207939355135718 -1.7079115452083922
-0.0534103093142814 -0.6860355244146759
0.0031264751245418 -0.55858909399787
1.2293107782791886 0.5945096902018989
1.0508116734274442 -0.3446573865507982
-0.8052015245510916 3.4285503107418673
3.070552649015477 4.2985619736329825
0.554618082380186 -1.22674297912131
2.0339031290502927 -0.5304113893204622
1.6516503427149074 3.596777004410057
0.0253437603454651 2.9611867954689277
1.8690650810550828 2.3207453486221334
-0.9208555920477304 3.1345099032230213
0.7124152327212516 3.8200177735555627
1.529556057767708 -1.7663476750799882
2.3893851905278325 0.4469462619860183
0.4432298387173355 -1.2126446558062496
3.9309334683101387 4.159580262499897
2.814753993089156 2.0771598087324943
1.824459221926642 0.5801725846875664
0.9337857563633648 0.6373965978957796
2.1383694099733965 2.9767112787908907
4.093295574908503 2.5603204767356815
-1.1726084766427438 1.6777930762961804
-0.068283348448036 0.1427810090212538
3.816293487832686 1.9738194902198007
1.9908162276763819 2.497797104058025
2.175049475238471 3.354851601654496
0.6147979572076118 2.6382370433193403
4.048652458350202 2.709159192363913
-1.0547019232963142 3.4313411681859827
3.7879151790785763 2.5406995013915536
-0.7875794688774745 2.351696892479654
2.1709354148563405 3.4076473163718615
-0.2156399269909067 3.7909039078421767
-0.4655308434985078 1.6145599268706174
2.9805291898540256 3.4410776315248732
-0.9190426035194804 2.466851075743913
-1.4818745670348052 1.8492170067776597
-1.1266800963500576 1.839799664230618
-0.9716501788361721 2.5351039406015867
-0.7949261688203877 1.7009476255459075
0.7335908428130103 0.2985729821037081
-0.3516579978019302 3.2631191056531623
0.0288122731416382 -1.7187681399727663
2.055483298792173 2.5282975250661477
-0.4392505672647362 2.7065033413624486
4.076379391573252 2.7709954419205665
-0.8040962544992465 3.467792798008625
-0.9263516552812471 1.9978395423033728
-1.5535634109080982 3.1155502103757313
0.4659641499824085 -0.533662906932857
-0.7896840328932134 3.2070327734246686
1.9130660711872656 3.7285663947019168
0.53060782196792 -1.7484854079012284
1.331570234373888 -1.7040545381483063
0.0989369206275487 1.6005289371710143
-0.4475677826956168 3.7376683163779663
-1.2156728778878023 3.2328978197336213
0.3176349081954319 0.3412124289955152
-1.083388187881144 1.6517471950053348
2.6698925174921047 2.4210379432484785
3.6166861341773004 3.139149126868763
2.2258084633387223 0.3541646417575813
3.8571749993460673 3.583000101714532
4.089501797209061 3.4788880279914727
1.6238233050294073 1.8816363436932322
0.8171216755558056 0.3377666438383496
0.8005402186432998 1.5658365098126346
-1.227665594955207 2.4180888942022283
0.3556950655451817 3.170204610363778
3.308304525387656 2.7671856062614406
0.7572956365487038 1.5617377350791446
0.3699715050856239 1.6384139873253853
1.0241170821554753 -1.2429688349549928
2.4111408993268157 2.3531443972896815
1.9470081222916864 -1.5606871889905432
2.053721986713319 -1.6378450647216074
0.424437058227883 -0.2117352294407176
0.2997590417906988 -0.8607245454924767
2.0555668310727953 3.305316965801375
0.8122862408148546 -1.7085883558559642
-1.0904488624093873 1.80021339494287
2.2413350540385606 0.2107665457592352
1.4399118859406765 -1.0449275964172482
1.7730694634712918 2.659351888147155
4.074541400317802 4.163083781793967
-0.4967008207220948 1.5313507937432003
0.6506777141761196 2.858542612129331
1.1070364041637304 -0.0076895278207726
0.9755248329525692 -0.3563916242813083
3.557621151368138 2.5281544386174937
-1.5479474792334045 3.7470186048192438
4.0390274099343575 2.5514023026619057
-0.0521059812250556 2.2513944659902614
2.9548099429842427 2.5869239801140673
2.3205125117020238 0.2042029247774626
-1.2451047768856394 1.545285077494501
2.819283007739409 2.3780888363380464
1.8235965057769201 2.9980675361812774
1.6997050587497013 4.2209258422026705
0.4230498334477272 -0.3276388156307924
-0.2857164079286006 3.1772622679830267
2.383134336867171 3.162430654407782
3.9116686399139136 2.700759472664888
-0.9189683401601351 2.752730564917511
2.541063487963584 3.0355826503729153
0.4401107068095503 -0.5449791336596146
1.7608129909163237 2.6293814227161882
3.4857271611230227 2.447852521437942
-0.7346220497030935 3.359794317012758
-0.3774155616388971 3.8472546384950075
3.262494270584463 2.941506586288992
2.9536891289772065 2.6673305807309946
0.8751330586099568 2.6995950600982805
0.7167262130680032 0.4791741266267377
1.5383056173555263 -0.3759349302132758
2.7490586853804415 2.351674480513479
2.872814617337026 2.845549100074389
2.5618463179493873 3.4547629456798106
0.3462892947690663 3.8957688993951396
0.4558049169112392 2.924451074015184
-0.7748130507331664 1.6360377521355756
-1.4763103668413946 1.872624893584609
1.6609975320557746 1.9819479856611002
-0.6795040065711005 3.971484060285847
2.4172316378663616 3.8745754334612195
0.3196111317085684 -1.401603166861365
2.6293964662534433 2.1896428177466554
2.6507018821796144 3.569919927729599
-1.3439683789545258 2.489841875219414
2.365912445016919 4.281084908420817
0.0751658961934605 3.8241224872026494
3.840888708240185 3.1254449332493985
-0.654490899544713 2.3352989119068277
0.5958962677913526 -1.0857043751590207
-0.3019115807810023 3.2265172707327254
0.6807213229137447 -1.3610684013472225
1.9585027265915465 -0.7049101835810156
3.908696437074267 2.900140686559908
-1.2343485628190487 2.0892371276366974
1.1424155306078787 -1.1632582672157288
-1.4232879243395822 2.2532239253015818
-1.2674694727061868 3.3062688192181633
0.203026237178164 3.4388502184405674
0.1192459793093837 2.2609514667920774
0.4853048094105701 3.180446045734973
3.3613180887515113 3.787575370805615
1.958654623918661 -1.5396883973830862
0.1349137753172714 -0.316522797547224
1.9165038740129754 3.0273600303993247
2.2074322621857863 0.3832280030356775
-0.0141054594356348 2.716118544797327
-1.533659574364913 3.3731878989635447
0.7060537965513612 1.6895208438366816
3.042637231573117 1.9936937574853748
2.363632700936875 3.6525314071532824
-1.1078443706717667 3.4973256412569826
1.0778721121850574 0.4335675659178
2.917528510548294 3.8064358388880697
1.1479461996002884 0.5261959959314242
1.9364727680040446 2.615570632171036
0.6779571050612074 -1.5785091694385
1.2863161968543964 0.326622458422343
-1.0261227191022189 2.7578627438063363
3.9716511535848036 4.13928426305803
2.3538692886140384 -0.8770291122631182
1.7578334747061275 -1.4576822014259954
-1.3027145379560807 2.8698638383661152
1.7076229146376654 3.2540889334838967
2.1053149133238818 4.204792244792465
0.5198110750747889 0.3342114906064253
3.1413735985279656 3.4586298726474256
3.835680567445719 4.207264124991898
0.5750378760979037 -1.739512130065616
2.984777845855181 3.4636791727860334
0.6549276176089573 2.1787199983202594
3.9788902709724283 3.906105627182543
-0.8975324185539836 2.8666801686752525
0.991627210452846 0.4301927433557307
2.4209719168673325 1.9255599429678427
2.6137538983630035 3.670695748917761
-0.8614367469719184 2.164093485648768
0.8954719455427533 -1.1315931611083252
-1.2536582965010847 2.279441288677025
-1.1361528166155077 3.5841860916260138
1.9886330277421025 3.89786606207101
1.660632380335707 4.172412533963605
0.3742566356678764 3.372625709036592
0.0241245786634704 -1.7674623336808435
0.1573552311008907 -0.310631356827926
2.328703976741156 0.2970226857628853
1.05263508730846 -0.8430552296851359
0.7754462973972267 -1.0204808714437852
2.107315157970199 4.225184275144972
0.1669145044645198 1.689884476810049
2.942952405310176 2.2686428550606483
0.3851101018337611 0.0778637165075126
0.0421588745241644 0.3567105969945017
2.7609499216163442 2.4005083475306095
0.698146247250727 0.3375263504124999
0.6696977311139815 2.19354621129544
2.8759177342942612 4.199416299221645
1.7966226302961097 0.5278586079790576
-1.3957052869646136 1.6898917364078787
2.968968210315374 3.3873571280640107
1.137872866874898 -1.351743169639768
-0.1108811618316237 2.639341568380743
1.4726340324099685 -1.5271724923714747
-0.5993821051865873 3.7765818248627907
-1.5701260287150052 2.9313990584192164
1.9873192878308283 2.8357137513629747
1.8191952882315097 3.3067987529951144
0.2490441069593918 3.182895446693492
0.6899172543888293 0.4650377489828518
-0.9918166467267082 3.937764148570024
-0.1744956073502951 3.6794076691745827
1.0597167634725968 -1.7102073490691165
0.7738148543569919 -0.5957392570597152
-0.3898984117731995 1.765762799183995
0.1019604551457898 2.646019137097134
0.7536542179813943 -1.2962471320539595
-1.1929852095464073 2.344347704690973
0.5689632272895626 3.686862747788613
0.4533722097748479 3.1514245022101903
3.255609864439914 4.011568513303237
0.2338633890150986 -0.2918784740192303
2.1502178132804235 3.6535205510127557
2.2266271195306384 2.320816198686775
-0.2441259497648192 3.3725402855795834
2.2867024774689804 2.796038038929613
0.6839832802175118 0.2130818807086351
1.9965746675929033 -1.2930977487114268
-1.421426906538565 1.7727240666691586
-0.8060113574192148 2.216197069726907
2.670206021515459 2.0312593273483026
1.4867372145307884 -1.4189017934590138
3.4222975233394175 3.916893599316591
0.3432870302655048 1.7115365737512487
-0.0905579204698727 3.4565733917343158
1.0749490544115963 -0.1244059580218516
2.57556089780356 3.2695236814021875
1.418710470976953 -1.732144052129275
3.229060409655734 2.0157107798283898
1.6913108380361996 -0.931827917384563
3.937934694247695 3.747170160279968
1.1506202625505093 -0.6013983077359681
0.171687852108746 -0.7799077074026401
-1.5016139234963513 2.450773495061662
2.8273532789000764 2.459382834589712
-0.1144668163561584 3.566899437365675
0.6682806229043572 2.617349828447038
0.1308045035071723 -0.8444005027092124
2.218602566727715 3.7711422648373887
1.7645989523445256 3.5747133629256758
1.89878787861912 1.8578392264579522
3.007903717110799 2.984633520648915
4.065715081033316 3.3641198363436433
2.9465220832301298 4.216616317781517
1.6238871758391376 -1.6272061732923586
2.230574880570452 -1.378293312105485
0.7718297137647292 1.821444278594189
-1.363256026960756 2.4358014966391086
-1.0586421893889653 2.0337848130082685
2.1821151254429934 3.457446669844471
0.4231335573730594 -1.414445571793307
0.3449048054102808 1.6905824372840697
0.131616036775499 0.4821935546094606
0.8040284564395777 -0.4003816492887374
-0.239881880254862 3.3030248472070967
0.3213629127669873 -1.0517526817780705
3.138597148784092 3.1433803815306387
0.2868538569175074 -0.1275957486204949
0.8231567894931882 0.0204030372628039
-0.8820547422660429 3.47456726109684
0.21414115381242 1.996390437919587
2.5568772018966897 3.0343497963340282
3.4830607974368597 3.4383625825241193
0.5945584562700482 3.3910919403341744
-0.6803352946293306 3.24087722560117
3.0289416663448407 2.0621903203492504
0.5541192633612451 3.6571910674451265
-0.3155898943862217 3.303228925546007
0.2287361076477745 3.2605957048268333
0.1509056908732662 -1.7105092899884256
3.712364252118612 2.7969468484340574
0.5461243029956792 -1.1276059580624596
1.5486307165901643 -0.8327884919871578
0.7479766501142004 3.3286233196222725
3.383825843303893 1.9849064361623774
1.8747214734806812 -0.1456940231783776
3.253900636882854 2.6863144988125724
1.0632564563205529 -1.2218901678844698
-0.4016621446652079 3.8358156148618554
2.169019135607824 2.0372577130909337
2.655912876812146 3.7959316686171074
-0.2875523473275042 3.4158503893405867
-0.2160840780247082 1.5415571860445871
2.2917291260465267 3.4948152983669507
3.9914938987514157 2.0336828576157946
-1.2363071683925748 3.3170181594640464
0.6818266831828766 2.378061313067061
1.683200138392323 -1.5883383172034986
2.07020269448034 3.6574490394961603
3.8610720928556943 2.021597264786376
2.366738784890696 2.686152376197994
0.0405489710858386 -1.1538541615941236
2.9906805773289578 3.1941860917447817
2.9206961322170573 3.4969655057563407
0.9713064917721884 0.4787769874727075
2.2264134583476762 3.77900893879208
2.9052099755638814 2.58710481746659
0.6602144389688693 2.3681007068630726
2.8138550347405253 3.5059494252665946
2.3431959524101424 0.3502961309629621
0.4246981787300219 3.2201031270408538
2.3534671115158314 -1.12758044133783
3.8480033242546328 4.023741123219754
0.2378072245807044 3.059964653095081
2.0977559930195526 -1.6164577747615048
2.0937616249150297 2.8640601135821586
1.6998780746973874 -1.546565841095814
0.1220647170212689 3.3257494940222156
3.5106956421634785 3.199189395148745
1.9841306271646115 1.9584791121432448
2.046790174394806 -0.8943542181065172
-0.369368592085813 1.658655291711303
1.4396224210190038 -1.0199868692564305
1.3423358255240623 0.4170203027585598
-0.1627395797871089 3.977490852822515
1.8162722482138574 4.0423256569588695
0.7247959279038854 3.109794878287
-0.8839409432478235 2.269946449739244
3.7006331758958244 4.104880997568161
0.9046975364546888 -1.7253152045659095
2.3923529407810813 0.281330864963284
-1.5956950990893333 2.8511684343755257
0.5916455634765894 3.2742845487625707
0.4282384476317976 3.233454053553667
1.8500831699934863 -0.6284263610213434
0.793496790562465 2.0228262106914725
0.7567614485820146 3.9945391517870785
1.9245665762761635 -1.0432599312383544
2.376592697030148 4.262176752298303
3.2571614579701285 2.2357797157352395
1.881104567305124 2.850908644813381
0.3774643867773076 1.7203519173082156
0.6301748910081322 -1.2086443848384918
0.4404579601582008 -1.3864457241519057
-0.6203255913704134 3.1820401104918727
1.864563485768436 2.878910862976684
2.2184995823819595 2.6912373807186034
0.0494746696195299 2.615923810829512
0.4614129950259658 -0.6905910377257571
2.0977525169441065 -1.3483413610575428
2.4814831945826983 3.8169401929268063
3.3077593844647764 3.3620057609182026
2.6638878750782276 4.274505624778712
-0.5582703947889935 1.589874163508303
-0.0130821056998629 1.9156066782361905
0.896348684626917 0.4710189455004176
-1.281146456614562 3.381048352821427
-1.2996797487437053 2.4991077976321585
0.5285060292478831 -0.7871822338545361
1.7213151141975007 0.2689020998831116
1.755977800965098 4.27793593977942
0.4404030191385531 -0.8544975409066929
2.3701938401318823 3.764482860568864
2.4441177030706527 2.002353881655756
2.409626247993113 3.86270250961615
3.0166748857274435 4.011625928462323
2.3647190333406676 -0.3553268165581261
3.9123017093124552 4.224177663105557
1.5274850134350035 -1.7865909955584518
3.693379292822669 1.8007539740764853
0.4286439359145012 1.9014063550790823
-0.1442130452099489 1.942727073377249
3.996051647690582 4.21431478240615
2.3600088120666993 -0.5967195621435633
3.3172099119328267 3.3733210551607278
-0.881965921370721 3.5026766030403134
3.5911794208274666 3.698328344270798
0.9138265457557269 0.0839693342279282
1.6259745552477662 -1.6024972684567755
3.8677111655774654 3.1699505300451993
-1.5728270285399164 2.538525753629759
2.0689634166988906 3.5441039917228387
0.6203579637540678 -1.046832618673399
-0.4617184013361115 1.6257883072980908
2.855271916882242 2.56055385786769
0.8323126245293364 2.6080740203085533
-0.499064617506341 2.8087821561904507
3.885377013612417 3.4984243409399407
0.5612339031238165 2.658092362645214
3.8767967204669636 3.6959173740164815
-0.5706605808314607 2.315716101014054
0.0487096068449432 -1.5630005028993945
2.093655816814827 -0.6681468838610185
-0.3901831635306916 3.0091952853601978
2.4626584649945684 2.540128944278431
1.3454316666850528 -0.6728713205748212
0.2206679019025821 0.0298103450977151
3.7889939197760167 2.249168983754803
-0.7891959300438923 2.865548502042219
1.4702792298925225 -0.7658315194673742
1.9036721811640192 -0.0457480768608062
0.5406426831028838 -1.241655122606502
3.4533936350570174 2.555232607594936
1.0669720792670152 0.692581237106167
1.7457765858288055 0.2014837244562181
2.190234772989965 2.2594488588746784
0.583323774113855 3.0348544400899717
0.2037451516646937 -0.3022843965673245
0.6895107318848339 2.821872109391245
0.9236167350373171 0.3731030145708821
-0.0982470272280832 -1.0527193310905223
3.9105569546387104 4.133924962323781
0.4632881795319986 0.2610937054525883
0.52020286607353 1.8953116130251537
0.4575670604292048 -1.213311068821029
2.064767070827959 -0.1746749628523143
-0.6347851214550265 3.826949463018732
3.930294620489295 1.8421866977430417
-1.4012840866038758 2.5241480211589007
-0.6176407766859477 2.8382527505408266
3.9504848491092197 1.815774938460529
1.2113928507341876 0.4952354477271722
1.4076164687940824 -1.5831485979486464
2.306068260933797 0.2932492945434553
1.8113809975697084 -1.0126793642303396
0.32342244376 0.1681803146049321
-1.5360713574835838 3.022883441147619
3.910700080895265 2.1397181355545585
2.7869531858632617 3.681577076602103
0.9811148032224707 0.3811998494100142
-0.8450990623610333 3.987422126769265
0.3311937831782388 0.2845665527354722
-0.6201540739442967 2.303145171139442
2.158473973027402 0.4054423024309075
1.1392887699615946 -0.4719930453032649
2.181607897931055 -1.7753580967391027
-0.0189122873377475 1.8419191637274985
0.0383453768883909 0.6932001759540491
2.0929926583672565 1.8667012868607118
0.0531320747223978 -1.1243234080548261
-1.044739828407437 3.1730950353906446
0.8317036362588482 2.9700412236830886
0.4578505913737146 1.9823955648067544
0.0180862421223453 -1.0189859498442808
0.5729405245658948 1.7236217984126052
1.7897237315552426 2.659328264640958
-0.0469502361236678 2.447541516700931
-0.0473207584866079 3.9385824793552477
0.899254781974271 -0.9657640178402755
2.799103214203284 2.05847012549041
0.1862291799981923 -0.6990643638041274
-0.7288655257187392 2.686268904988714
4.038642824897703 2.1507544132902883
3.598841291911982 2.685561579842139
1.5447582618305689 0.6861648028126747
0.0590103376211653 -0.7165887051673548
1.9810253616166882 1.9571468543012145
-1.2246773719731925 2.0386526912569454
3.8757566846139504 2.922934988055249
2.722559808038856 3.8340009789765075
2.0522085175536366 2.514919013161499
2.260892443233549 3.4533491956395057
1.7057460445885462 2.9558088341324855
2.5423482574830327 4.1859826063041625
2.7663202590552434 4.065860015838804
2.78328147091355 3.1131302071913733
3.846789300325808 2.233627835776047
-0.2872335283746332 2.2103628483625735
3.9922860797745527 2.58628947121494
0.98782867457015 0.0691409339172928
-0.5636631073286583 3.623627770463286
2.2006272862537726 0.570714578342075
-0.144212982940145 2.1455165544184847
0.7313000675790001 3.898276559646975
0.0459223596520684 2.593930447007403
3.709802445584768 3.5324629398510674
0.200064686144397 -0.6943237014408219
0.6227012768666845 -1.3760556123582237
2.6519646070733867 3.705798764213423
-0.2408345442883483 3.40397128055179
3.139765918231566 2.3926845209648127
4.017786119477541 3.9462557840817567
2.772313087638922 4.090910725500609
2.6965626220100227 3.1875840282351966
3.5024996663482377 2.04275818083409
-1.444397704359182 2.45372796454944
0.5870141629030537 2.487286688713681
2.879793239475337 2.8915182010305527
0.4328383950202947 2.2284547895546627
0.1204429313690287 2.82958582374584
3.403511923595632 3.0009730613468553
-0.5270341317070464 2.006738813722438
3.3594814548733405 2.823876467931005
-0.8955688905318288 2.1657776684927565
1.4213446233965203 -1.3571735314043691
1.5610899619206091 -0.3210283718716068
1.958324057808615 -1.259373516345591
0.6338674651772047 -0.3032633461396591
1.7111768397500189 2.5786032435344173
2.241253306544778 3.0161608939387943
2.538988201116441 2.6737598190582834
0.9222978649960532 0.5768459354624786
2.2275128911969206 -1.1719835572314212
2.7548702336426363 3.2601865480067365
0.7668567264192746 3.5109029968626
2.08011703559645 3.3663598855703634
1.1018237205218198 -0.8675273363181261
1.243113335052708 -0.1714304876452934
2.3363494765552852 2.928126280465126
1.7672229705903564 1.8358456623043087
0.7026213997001793 1.5687436887537232
2.1736974736967527 0.3003336558008421
2.267319608566772 3.812179895901588
0.0241460230454627 1.5014960727401117
-1.1041989703734418 1.5940567807923547
2.678030735771192 4.04068224981278
2.817662526067042 2.035924546673934
1.623500262322847 2.7773567366461847
-1.5535537677028652 3.4748785426422018
-0.2164907882596953 3.040640375454604
-0.6985483542508141 2.754850084306599
0.3562728983333852 2.4887200913728225
4.050979399666619 3.8546248524613493
0.2106169303060645 0.0563692264992634
0.4626233122623264 -1.5747100655072852
2.524895393211078 3.6063634930951265
0.5047187735018256 2.994364184779902
0.218978693832242 3.319442873821414
2.781858214896366 3.0312150633694923
2.117079386776002 2.3896930045518165
2.0518345490963457 4.110189160596031
3.36156048930178 2.076183847410985
1.223807408457254 -0.2116200471356362
0.3552211160914235 3.4721936543780143
-1.1339669283017881 2.346158715758468
1.0973196048781435 0.6757785758964354
0.8479696009358699 2.342851241558041
3.05162651977005 2.3232984671953867
2.032868330021883 3.086350200864317
-0.3541127160888813 3.918397594438793
1.6994526712869804 -1.7793381605221676
3.407525364070744 3.4410485845270267
1.710618137112959 3.1409049821379162
2.074432495423017 4.205858563378437
-1.588909432350336 3.379663350521076
-1.0084658024423208 3.698206595567255
-0.1701325661760867 3.7519442092558553
1.9903739113213879 3.1899755277207604
2.8570695354656412 2.3745933204901037
2.3361529448953635 -0.7701138707707048
3.3979151477916023 3.6650268990931805
2.4771546915200524 3.294257028367405
-0.8982397334238407 1.6851535992292022
1.624920955391978 3.3158965921238197
2.774199704926532 2.3235135214659706
-0.6798967451092716 2.318383692840372
3.0258497743239485 1.8737439890417404
3.188593539407294 3.1664406281395374
2.1321206900463436 2.604458870538087
0.3186458601876333 -0.2296146684713305
0.5996724670542954 2.4315395680761465
2.805027753595704 4.0873157877695725
1.2056877029646973 -0.9028301574079013
-0.0550354631977606 1.956468530831078
2.7807315956073193 2.062337845664598
1.4481601942047733 -1.5977565246419392
3.1302323484907846 3.716173060235952
1.3207894522933301 -0.8441221952241128
0.0614806130305806 1.9264717818935266
2.601376993347887 2.3685543008524554
3.6917795154176107 3.745318239735597
0.2886491238685164 -0.740598574070247
-1.1143684114014112 3.623618728760478
2.3754835314975047 3.9804959722899236
0.1782558548656726 -1.6562070177915642
-1.2599435645036425 1.9916353167543963
0.7163707807970944 0.5967468544120867
2.770549772067743 2.757366401786014
1.8057979293207038 -0.1542595319283305
1.6230321585771992 3.018604686206742
0.5436514353482167 3.048652173132958
2.6818489070631304 3.5833521464789126
3.3623094590056835 3.7193184348318606
1.559794203541356 -1.6604454860296298
0.7795929921781546 2.6321879450497554
2.107573120195326 2.835317794277772
1.9584195343366055 0.139269370616523
2.1016152071711827 2.704055793262235
3.214936413957607 4.2863814609904365
3.150185184668069 3.6761943940059885
-1.3374757536295654 3.37487993487926
-0.0122562380683299 -0.5493988366283724
0.7192595447737254 2.808031038372911
-0.5381446671563743 2.5292951618069734
2.8218588687754766 2.8132262784487607
2.203368948934567 3.757477234931711
0.7814500840525807 1.9644395573631719
0.8197987962985108 3.203103132960821
3.611522333728053 3.446536128704245
3.9570464229472226 2.1021960141822453
2.439391378762696 2.6681448315525134
1.759135533509247 -1.6527188396075125
-0.8074178056215348 3.6238866280419284
2.3425190942236975 -0.7808793644642684
3.2764476316772657 3.8329235745264287
1.670235970860458 -0.6307169623793012
0.9269191775051112 -0.562713496958834
1.6134725575328432 4.289725831722541
2.6690663118831135 2.8157615015691877
2.731657508823665 2.2093209652121564
3.687687521195152 3.3169500495420157
2.3182913456363994 2.6522732732335776
-0.8475636432011859 2.259237779164371
3.00575470295661 2.9840470091248514
2.7132995999678866 4.147857585194419
0.504410827892338 -1.293248495559976
2.922771268586547 2.492503511556438
-1.3930535495320735 3.9996197479255513
0.8613062375695258 -0.7722287844379688
-0.7109524274130309 2.3822611470083928
1.35983372193806 -0.852941288581434
3.2659711505979967 3.1990005798883674
1.240514009662253 -1.1372966940497509
1.2588667026033948 -1.0035570056773448
0.2231267108540786 -1.2425917344818815
2.56626663602567 3.6627837788662587
-0.7135862912592167 2.076210407980574
3.4931700777366124 2.0647152315419404
0.6455372454875844 0.2650072618317455
0.8876444167548948 2.1737514693244018
0.4391948790458993 -0.8879707515688005
-0.9219468900810134 2.134465213424544
0.0485283075565093 2.5300645828652564
3.6217741629845093 3.9682820844756024
3.0658845888404125 2.236821688058731
-0.8459679088685031 3.8988302467877327
2.2057911402863186 -1.3269849217817205
-0.9141831883242117 2.1603153508871817
0.7185858531221138 1.7741037128396362
3.9821929622046666 3.136177782444901
3.9563339698978184 2.179993277704371
1.9617995656163676 -0.9669622518574513
-0.0333434545462677 -1.708180101508726
2.641528086002818 2.646611251352286
0.2541903583078935 1.5798983196442142
1.8701822086417008 2.455525603095145
2.247282712790828 -1.0914510235688286
0.5527629792474748 0.3343267120818472
3.0182073846155832 2.8832987370586243
3.063347573290694 3.415337616328706
3.6674621721207243 3.311938592380606
2.4822691955356992 3.913707213980988
0.6687807193764849 1.6043649614471365
2.897304126203469 2.9032467872756036
1.0877333466293406 -1.4001681064962956
0.2296637681850897 3.0998233937396877
0.3450755243913866 -1.688705130974876
2.2752478280132964 2.6959392577792847
1.767274221444353 -0.9969613785524735
0.6582521716623224 -1.3629717499543181
1.7153553511930466 0.0283310147382947
-0.947410766616803 2.6602212151946016
-0.061545708259279 1.7237826799456448
-0.3712521596463921 3.6888339432546395
2.1117983757765546 -1.708337553422962
2.352286970084572 3.020402956045699
0.2166590778546735 -0.2407188097445146
4.035153534837912 1.9713668216760571
0.7781134022839288 -0.8434746261908559
0.6054735156207866 -0.3092920377714523
0.3071594395624906 2.9655129063369934
2.1501497157564744 4.097725632694357
-1.0929147730255355 2.8558643155563295
-0.4650288037393766 3.790220318216318
-1.012828128461877 2.4285290089065534
0.0462469328642758 3.0276920998537245
0.9257522632596275 -0.011099509142422
1.6746482010718342 -0.5031662491076028
3.469836988440982 3.7198934304865903
-1.4315666947837447 3.7927072011223406
0.3940647322955954 3.8137772088361035
3.3636828420221874 3.4094877327646036
-1.4949243724688133 3.665408340670614
0.4161650675222457 3.148548949030705
3.128527427126953 4.298988555327619
0.5014365514436779 0.1727432667359641
2.0214182766761652 2.6066536548557218
3.878323540281045 1.8444177829527482
-1.2777541504716459 1.9860964231297427
1.7594547021221612 -1.7792621600130987
1.207319738065651 -0.3479744613335689
1.7162646637409151 4.257488814053956
-0.9641908514404737 3.808248447553722
2.1920128522024167 2.9999840288349113
2.00518670555354 1.9093518023930982
3.4216642335129417 3.3341402508793756
-1.3750827935778318 3.85015062994726
2.4941938979148097 3.507896204138975
2.3824108185259263 2.7387037060342094
1.8901675277347085 3.999776179235247
2.867753499700165 3.4535399362134735
3.2519580192296447 3.919611697313768
2.709362104694092 4.068961779433373
1.431781438432341 -1.0751473667296718
1.7612693784000428 3.0742129581823674
2.1206524506967552 2.9356051777015923
2.5700159435624568 3.310587533267512
1.6651717084612654 -1.6136531768824878
2.036517565128964 0.0835515374199832
3.0626574768285613 3.1354993539790006
-1.120886795420184 2.5571289193331643
3.8097194219434236 2.315027305339267
0.831310874637574 2.960194671237643
3.4200215975522865 2.47126284396276
-1.2632054782544717 2.3940467105385443
-0.0030717283184222 3.8024991649142086
3.375838726954314 4.125351901221938
0.1858796783821206 -1.519987010600878
0.7056817843855464 0.2799518529476864
3.638854427460885 3.345676509884019
3.6627088446615765 2.5339530901489558
3.656293803291605 4.29276513205673
-1.2591982224900768 2.1322890828497827
0.3276230549249565 -0.411669110510936
0.3398175442556191 2.936335170140713
3.6008160514693346 2.3505957708084106
2.3319042382248383 3.614988596912554
1.6658144525702907 -0.55257730214675
-1.119595603099748 3.1748109452195035
1.085411830551355 -1.377249830240352
-0.5686676669734961 2.0813738073070533
0.1571153512094552 -0.8285968625525743
-0.016299335295556 -0.6302946753350882
2.2083351979240904 2.4863560728136473
1.5782344179809995 -0.9778085856215538
2.983051697413856 4.256930222883243
1.6247180112880597 -1.7150292753558019
1.1656021024328553 -0.0241375325250372
0.2346225662348266 -1.3497217174597695
1.3702076972834625 -0.442324474188826
0.1390946142489988 2.958590806654605
3.4188676005965943 3.2061396698127433
1.0942964261516992 0.0746976742864691
2.293604354386048 2.401600959903761
-0.1906175333164236 1.7318087728465927
-1.1790503002500832 3.7320007506253736
3.1235423711223307 3.1102172748230448
2.037902774139668 -0.2234795358647449
-0.8918199886671442 2.634689735438726
1.6908159894269459 4.078484897750031
3.1805870640145004 2.806291439457045
-1.060868822954239 3.6987144215507315
0.5767812641115431 0.0629358470643018
2.9845444483377075 2.167407744602419
2.19547965119217 -0.2139423549701879
2.154683785092847 -1.4482469701560585
2.92629960547307 2.2000815788552615
0.4569930113661383 -1.1572485911986563
0.3367218734859021 0.4184487142072816
3.419683129270981 1.9028762737462106
-0.936141577267208 3.5924500669046653
3.0134821565981884 4.021180079855078
0.4189198349130728 -0.0925807336909008
2.131623740874914 2.849727227024179
0.3872735103169594 0.6591026498545691
1.8782937851760482 -0.0097114339979623
-1.4126755644261884 3.3830605428925193
0.6024633897417465 2.2443182390512164
-0.6587741665321596 2.8356891239576565
0.6526725785151672 2.711913014623533
-0.048038400636838 3.2907358772608712
2.6435876528561115 2.7135516651248874
0.5701059586351735 2.210945544656993
-0.5736082680466794 3.5779543616890863
1.6334182563905022 0.5098792257877472
1.8834491742902209 3.659986200512312
3.3208919405225794 2.6370584954251974
1.266387602512689 -0.5548121222837933
1.7854082680218557 3.359912607731505
-1.5052474091611556 3.9060606122575097
-1.4301581223075435 3.295196902126163
3.5165039303384065 4.2080137750137085
0.5775842753498692 1.919194031404513
0.1617703907615408 -0.4639964806771087
0.8165986917007891 3.3163526757931163
3.2629900272142347 3.5238484995618773
-1.1888450092589673 2.1376789621985846
3.642160751237296 4.084707608297147
1.4769647048728005 -0.9287912210539153
1.0969921878652376 -1.5198831614632526
3.1025363913610673 3.6766925226154816
3.3246687627331646 1.9604300419346985
0.2868749897047626 2.9378224194037963
0.0792099113406641 2.006054142709688
2.1676496260189895 4.006830161427482
0.8101140319288002 3.0386581308176877
-1.3093839544430024 3.53958668263672
0.4134464298434367 1.573453735408255
3.5633146572810857 3.0634223271587864
3.98202931483327 1.9983157814451955
3.1923268326206644 3.5655947512994537
3.2093793800245773 3.1745977831383936
3.9258649822466474 3.7573538437254235
2.239139427437436 -0.2977546810967929
2.613706505018088 4.022271209597886
0.0303717051743318 -0.0131096958485023
2.978405829672278 2.063274807383799
1.2644430240187199 -1.7341080479837276
0.2942830256045977 -1.3486679230888503
-0.1049672875132021 2.732121509378365
1.9309241576928489 3.3472961411929756
2.0599419187992103 3.9731664023261497
3.041054345539081 1.9690631680074653
0.8267449277090985 1.5777795576245321
1.7625898527987531 3.7016735139083403
3.8424453432866885 3.5503630715033783
1.8439170779467464 0.4677189581171813
-0.3073184112809278 1.8240582166005141
0.8119065747637683 3.6250315744563486
0.7989795745083499 1.7251627885315053
4.074155752693124 3.9275603725596926
-1.5161789537554178 1.8043777637964287
2.2121865023408187 -1.7522337902716087
2.1721831129954006 0.2118674904442441
-0.0061258634857559 -0.4891866528855345
2.1520835041513253 2.4223102790905684
-0.9120653347901433 2.5274117664239464
0.4056027217495111 3.3488723254030424
1.2262722295727402 -1.757168965473509
0.2808594338924772 1.8516619381609587
1.943757521463165 3.201454988878216
3.0640098163106892 2.0768325209748624
1.0209005311417985 0.3644599096531967
3.4608015538291905 2.6679116295819223
3.6012929796844557 4.237692757560318
2.2968259160217106 3.900457807312783
-0.582980875494852 2.121908896907583
3.4654362462936716 3.9679211862342076
0.4817661148630608 -0.8801259514715088
0.6110241425095596 -0.9768741872715457
1.337736325693584 -1.135748590373027
0.4276423196597865 -0.4935867703339438
-1.3573212461301079 1.8251676075357763
3.2831433938284977 2.389841314113529
1.7007446865560516 2.2944428864520923
1.478114066522914 -1.745986907569215
3.1878681290721027 3.655052766786101
1.6611297751273577 0.4677148463866282
3.0723399523302333 2.5534036756538714
3.213113845850697 4.139726581842542
0.2963257901750939 1.8628837953685142
0.0384427844590036 -0.0832382004328861
3.2740172932609815 3.584687152784969
-1.130286284608467 2.8856167936795956
-0.949360912359332 2.9096688401585267
0.3219037579783975 0.2553586552505404
-0.0750576721853799 2.1634192611195804
-0.607900714023298 1.6830180937991346
1.0179967959041847 -1.123097425741862
1.7365442711860286 -1.7841074287443133
2.1198311499125504 1.93112586548266
0.367108923640725 0.0821369001069973
0.7930973418500761 -0.8865451552255753
-0.1946211984376892 1.5228196949606863
2.0237653945851406 -1.0446303583624348
-0.1820622625883137 2.4283517487363877
1.3028353514403463 0.0854693628044139
0.2614015405469948 2.0977041666525973
-0.7095361287406584 2.1013921698063456
0.1020028317776333 2.9052330240166926
-0.5543092963230613 3.756366565376332
1.0341341124056649 0.5919278186621043
-0.422780593916336 2.8195795249978235
1.9309863877155193 3.769249527706628
0.197606689765357 3.3048974907552484
-1.5978279663079529 2.5833227874369844
2.025002838148097 2.1425131873125456
0.117562769887056 2.512821219968561
2.1158361531299765 -1.4749441654062363
0.5372465945551684 -1.108368119044663
3.0536516055124343 2.610194783874778
2.204525968344955 0.2253866457589093
0.8259729678548211 3.1076884305237398
0.1419199150214789 -0.504150194112386
0.7449119092583882 0.5146662594998241
0.5197481547195849 -0.5061154660963648
2.0764438317197382 0.2617407307088397
3.352702738944275 3.960731909372119
2.645345413362497 4.000514612289862
0.7029068273055634 2.1915217347639073
0.6636872765234745 0.405380964993069
3.755727200707331 3.9246847582069138
2.201868628088941 3.983391466325433
1.3175608077404155 0.1550067611068322
3.101859264212436 2.8322729303713703
-0.5430115420243521 1.7638191431167645
3.9643201670681565 2.7964482415622074
0.4199462245688772 2.880538204623157
0.0376975527214278 3.274483857898866
-0.614720517410654 2.0063221518810237
3.6674328887497363 2.286749538961931
0.2339445136645629 2.8605043610280463
0.4510966930089102 -0.2348969563712177
3.5621571339948117 4.21409241003181
1.3610356678923197 -0.5738328850835323
1.8221922634252734 0.020414633369639
-0.8475524493356754 3.952514222508801
0.6756120017136654 -1.5037761720466727
2.3629899493110846 -0.5764761326693523
-1.2936109042859687 3.6263420145912577
2.158023515214435 0.6088554581983521
-0.3707758488006868 2.6342188032923484
2.01029474058675 3.537909643097486
3.5882016128332843 2.783627783686268
4.021536318940022 3.7425005897796986
-0.242088836675284 2.1671265486236946
1.159201665115379 -0.0328440772526154
-0.0519006108957752 2.5321721399845516
1.8776847292604681 -1.393374123586247
0.6054294410799589 3.1608488634459118
1.4569990715909027 0.3336547113534574
2.036781464154798 -0.6331742466898025
-0.8627135437919564 3.9026944522839897
3.972479526360634 3.822121981179647
2.775510913825561 2.555160459398505
1.3199014122052617 0.0961644135462512
0.3693037261387433 1.857891008183743
0.6085819079407556 0.2369170697898725
1.8589599826792889 -0.3671619152394338
2.709972485134713 2.6626587273107907
-0.9299547187129702 3.2196450198351516
2.071231864223039 -1.0654456367191072
-0.9136981124230853 2.027558854113956
-0.4978111859293007 3.0052997883876227
2.408147127069601 2.0649342343256607
0.4344432388421845 -1.708086280403718
2.600190168334893 1.818466369295582
-0.400855596778306 3.415637866738032
3.5190478094947637 1.8090572981022013
2.195407962976831 3.1952169849070367
1.2204180881473226 -0.7853591077606541
0.8489983603027578 2.7799997281494138
2.495376715664131 2.7257578018323336
3.192740381974018 1.9895453094239608
2.0126896260691747 -1.5113660755548193
0.5405252204993277 0.0447901653730765
-1.5329696659828551 3.156323661921415
1.1326123457806239 -0.366670657894327
1.8244060492883327 3.84747487031863
0.6245809517048182 2.447161063597433
3.9399039762725607 3.811437270229646
1.4091860878010396 -0.4399338464066177
0.582036559601595 -1.1527744929890444
3.7047098446165063 2.169454374886503
2.047412948070914 2.2143951172220118
0.2961372843787951 0.676347408746118
0.381183044681397 -0.5044892962100833
2.302029670289327 0.3108880960347028
0.8805214089596906 3.2452307577062562
-0.0540306409403528 -0.8148089507905791
3.320571412454497 3.7183755385450086
0.4922215224177899 2.5755182864036232
1.4224392644495438 -1.5813149367186372
3.998369242376314 2.5763339352093753
0.1363556067664818 3.0446664873065603
3.544960029429383 3.225184718638525
3.3845839009764633 1.9924782185457048
2.1170593538571114 4.097856371731846
1.5536847295725977 -0.8682188743484565
0.5037928595987726 2.6403398122937145
2.473405506950965 3.7535447202559786
3.199099347328736 1.9499002520931854
1.9115267125550943 3.139352612081987
-1.00162432095464 3.6682718674096537
3.3695836273506243 3.6095747225881403
3.045294767147553 3.943111646849756
-1.592230445423606 3.476200739092992
2.999853769860326 3.7810118921776064
0.1696351372294831 0.2738348265507317
2.311399352005486 1.9983934061299768
0.6369388015096356 3.950591619387606
-0.4012445287259733 2.337129933020151
3.3637104031172167 2.390256637457031
1.919904149897059 4.058745495790181
3.1883383127908136 3.598672821150254
0.0720633822130194 -1.1199234859004663
2.7054258806858353 2.0201280834316204
1.5910081068937405 -0.8878079513051556
4.007263621338066 2.5187838775350437
1.3113974792743075 -0.9884938630239513
0.4746031103874833 -1.06220688480476
1.59959417127662 -1.7793995129017859
2.5519381689562564 3.194455162894813
2.9588085920072498 2.911361771507839
3.031133254711126 3.8705009825393484
0.6082394622875508 3.045598987946641
-0.013908740633491 2.0055306968641164
-0.607856070301997 3.89160317455532
2.0250293690647996 3.7688310335066793
1.2289759948658412 0.1606465147247403
2.9232849380297257 2.685263690605719
2.215430491673756 2.7998997836907944
1.0258014752241174 -0.2610139423370073
0.1041856487805063 0.167588982486753
-1.5391444625954416 2.3714468188477484
4.033414147505906 2.0099351996595023
3.4777601974066283 2.870391612912555
-0.0936162798593488 -0.0104343419162492
3.5840064678119905 3.4818602323188736
-0.5529841633815425 2.15019707144898
1.1053733554921306 -0.3485352809364256
3.1713011569570777 3.337654363291519
-0.8219293440076252 3.974253792523998
2.1846036522875036 0.695874685832461
1.5121334414891576 0.2850245996019891
0.2971113224644704 -0.2205429132153036
0.4206067234703797 -0.8955945631997279
0.3968251517238591 -0.9310238485274392
0.6143079554666278 1.691030310567599
0.6611588906843513 -1.7709133615377228
1.9540772774948112 3.4376165857404053
-0.0837498430116922 0.6656823652370756
2.9368780287100043 2.1767120787915184
0.5901530216868235 -1.3814281054297368
0.9175565411218531 -0.8547469505918087
0.7424820015500122 -1.4999818620621204
2.243146369782641 -1.033510101635087
-1.5356274255833327 3.9991794153031184
3.0382718998463165 1.8279504351827032
-1.24048897903877 2.6093445767176524
-0.1479892419577653 2.3831007350772704
0.6195698820248182 -1.0471038788931122
1.629907139352475 -0.6173370599036965
0.3910207045744955 -1.3490230909157732
-1.5676120605356747 2.7265841022645128
1.7329884354091738 -0.7458365326183021
-1.1860695779620283 2.78284938028503
0.295583348801001 1.7985689840387604
3.12720982442723 3.1968365432904284
-0.7418122602692906 2.769488386065446
0.0307142464139255 3.989382520756591
2.1564837554761103 -1.401208381467157
0.3632837026625173 2.830703765973783
-0.4823127379114713 3.279779584518685
0.0191773876529902 -0.0887620189557911
1.7160537229612205 2.0456020849848158
0.7284096657272254 -1.7142630811653512
1.2602010545293658 0.0590206563127872
3.520968899185203 4.034340631720269
-0.370126636271857 2.9196441021273123
-1.4453591159717571 1.6278962572409303
2.2070631590105063 3.913440836873296
-0.8586455346034121 1.7636716692994616
-0.7343070127318538 3.8816863838077227
-0.0279378977826628 3.3785749717988574
2.5975418954638494 1.9171993231295295
1.9593452028628777 3.602423501227231
-1.2074071197071599 2.843082389112112
2.846386188288326 4.150920470098221
3.4877575196143247 4.217993789254586
1.8842382949377265 2.8791435569728763
1.4333733122063845 -1.6463465311408303
0.6078797716852304 -1.6394175644110542
1.0200179600548516 -0.1150602243453306
0.0568501275686635 0.1571289938634766
3.575666756205531 2.4687161139462814
3.0171183838052933 2.577858234058972
2.337409590043872 3.663777674798042
2.112983899202248 -0.1532062348363184
-0.3922262909025813 3.4626778568098393
2.8846679442280254 3.122207807196276
3.8335602093177776 2.065705223939444
0.1585938799991259 2.4354882408304723
-1.5963344102599202 2.9316482142867573
4.032418934294232 2.9475230678462028
1.5162122146479058 -0.5002909020110081
0.7420915014717037 1.7140938856467445
2.9792248464365687 3.1682096176455574
0.4560225312210362 -1.6974910664147274
2.5928464639673003 2.879834770791711
3.9242009828905733 3.8020182552179342
0.121016694057536 -0.3345573822124111
0.0585991777711057 0.638068700633459
0.1112358221203168 -0.1827676867107224
0.4392471922369249 1.5604712020773335
3.849213140284967 1.909021956821939
2.5417892782127214 2.304150346852961
0.5213866533085145 -0.8946431993482339
0.4412062033714407 -0.0756675481192032
0.4936850777538791 -1.6735920502443726
-0.580501859140216 2.948696445405818
0.0807610790032334 0.2309190654481433
2.969215690685223 1.9438778632723153
3.827511421846874 2.09404936329377
3.933993455664382 2.075352656334684
0.3812811969691779 1.951947044980541
3.458801705657377 2.3798441040101386
0.6261551200134302 3.6940559717510006
0.4639880391031018 -1.2234822936612664
0.9238770352612165 -0.1444798524543908
-1.0954111341267765 3.766063111978263
0.3644889898321591 -0.976994517429389
0.7417066305301636 1.828478297640574
1.6199572111056884 -1.0836637677820018
4.064518372403391 3.498727141027825
2.6657979117007766 3.6767427671451514
3.8182022798062007 3.664968472704331
0.3883981802204149 3.635871026446523
-0.8712408526316664 3.7049674035018585
1.5671984154309344 -0.910252966042855
1.6673930258104346 -0.4636396999704925
2.823962585515714 4.24107304954646
2.698229565930978 2.5736950824004774
0.6845468952808282 1.5004928520350909
-1.2560705713581377 2.4084882386899022
1.505022311142577 -1.3190433263666206
1.4914982032143942 -0.414833746742909
1.0255810696525445 -0.1729427599610154
0.4338228619661489 2.9575959203737527
1.23567774426954 -1.3694564811712318
0.1610836732090339 -0.2465155273895193
3.7138828631470946 3.4217417668883763
-0.7052423917354294 2.1122143286797956
2.207655356575676 3.7592684706705257
2.3194515495416748 1.861969216724285
3.214761100641135 2.527921990136218
-0.068062111091548 -0.8358875680722633
0.1918564081100384 2.965379187637575
-0.9365887791950468 1.8350914605365318
2.2466021642463505 -0.8360576423342307
3.661986509559613 3.301809634903016
-1.0848166614331674 3.3465679061485263
2.3570863328878207 2.706668588995263
2.6575543454521604 2.874682303296904
2.0960163818215656 0.6467219081207201
3.8604509657971398 3.0292385051222643
0.3674391546431462 -0.7904852362805928
-1.4724774169350516 1.59482667313585
3.881818174402972 2.1000863486077557
-1.5867949029764516 2.6164337503449215
1.7906602407949648 -0.4060103541037656
2.4076775484806117 1.8171790367048035
0.9074663319240077 -1.3626560352687784
2.0235406295381164 2.5722136230459296
1.6902202795483674 -0.9545853819227802
1.646186501419434 2.6410997452891567
-1.1461192678461485 2.6871106244836227
-0.3070963177983494 3.8514945396043707
3.947538583301719 3.126362389541512
1.2319786833024782 -1.5947184638239669
-1.5543830118808142 3.203127226636036
1.9254905986409885 2.562317116362742
3.497735940303988 2.7069353079365146
-1.5108299025149603 2.162596554331932
-1.3574476335641148 3.222416959640393
3.9607924349114496 3.925350961976219
1.573298241348051 -1.773195281310667
0.348361158066852 0.2018426771633756
-1.4682236699643223 2.2006601399725536
0.2186037121594404 1.986147924437358
3.2774975449735986 2.8804446972093376
3.70279482710659 2.1358774791715893
-1.5592172186027544 1.8596616789514515
0.7717253261912084 1.5702165495612779
0.5229106186264434 2.792327225332639
2.3434305556234793 -1.0030651401850015
1.6420668556622922 3.6065001909622287
-0.5018380223522583 2.2997138705939344
1.9836024432034307 2.8391032200684534
3.2788291817495527 2.4527620970298716
2.4850590378530533 3.420780400614195
-1.4503293695871446 1.9999268655761666
2.0438021096431167 4.117514923115607
3.9629507578549843 1.893834056123081
2.0157059430408335 3.1232081078957363
2.6166380058722996 3.5906009662152574
3.9461737385102644 2.2844437863955505
0.532709018235971 -1.106252101578156
1.3564127298777402 -0.8958731347217558
3.0828097602298135 3.5448359919039416
2.9298490753800546 3.342406373440107
2.3326297729352845 1.8485114606800706
2.799553525449466 3.015897904617763
-0.2797421473658705 3.440340176574745
1.5975930454017941 -1.149819614793986
1.1428690065205558 -0.3298699373014084
1.7587872685519481 2.3519114089216986
-0.2585071707123834 1.679604903239044
3.455495250975851 2.997586447741073
-1.2965274604842685 2.135771667430273
2.243564142573115 3.1474024347509224
2.080803872418092 3.6029971843853463
1.3956058802029658 0.6098377338711124
0.8654815739106986 1.7457046971836812
3.188768898445403 2.4555048105089936
-0.7355396997222887 3.897068998137198
0.3953789379257758 -0.8811630893885913
0.1209191750732062 2.9975133764485773
-1.0313344553563744 3.2327405534870515
1.092676216595572 0.2115284132521702
1.7645614388213142 0.1245930556951457
0.8630875630443546 3.5200304739319783
2.418280084914093 2.861579806908174
0.4401646447107847 3.802389149886134
0.1641160205575682 1.5198614052537078
2.589000856257528 1.9047657741830955
-1.1416988032197866 3.1333508541845463
3.218525552488788 4.235959479848881
2.6713749138678766 2.3443856560123804
1.5301127499768024 -0.0934838778070167
0.8458348494837956 2.5269749298770745
0.608742142014775 -0.2319137091726787
4.014150498583627 3.615295938383261
0.7019469557186822 3.0444255960626982
-0.3443664043841315 2.7333438053140005
-0.9054246268152738 3.330091813939459
2.239413017763217 3.3608651370060043
2.7914088896769913 1.862736867767228
1.9420879030267857 3.5867296852034216
3.224747152647201 2.385016677100886
1.9127200372477677 -0.5835650796010797
1.261702656185928 0.1659379559986824
2.40914350957007 2.8318596331298207
1.1076410456152348 0.076876984504231
3.555225350886296 2.110226508797403
3.597400046770571 4.079264021250337
0.0460440296143203 0.2254216234919883
3.7809262205635643 2.4987023689151258
1.6846424170098713 -1.7580895599900743
4.072829414523122 4.205458710684176
-0.476750419860185 1.9186623652635646
2.317903839177937 3.699414162592075
3.768111731684986 2.895002825212642
-0.4322264014685518 2.045876458887372
0.4366729099477044 -0.0023398875611949
3.868753739898066 2.911312290316923
2.221456899851151 3.7047900333556663
1.826451529139009 2.870994613637255
3.932351754071031 2.2060825993278255
2.371087811025623 2.318226455537775
1.8379780579446057 0.2293971904709017
1.2248946015325806 -0.7503105881161976
0.4672129569648684 -0.5874528446517618
1.840367892260691 0.5244996979545767
2.015241053234887 2.1386295342687283
1.6987314032361307 2.3320636274775497
0.8065155418079663 2.7708176901413544
0.4689588467152728 -0.3956062041785544
1.7151316677418313 1.816844214672622
0.8095775117267722 2.1294324311840924
1.706410103984736 -0.1755166430162394
-1.4472156067758337 3.7489055027696474
0.0409174358487688 -1.2466035560193767
-0.1201579529741841 3.1723100993262996
0.7208895136993241 1.7833460807129822
3.1040978861299258 4.1862001832127325
-0.1372547797877678 1.6872629127781686
-1.5571013733242396 2.6688261537613807
0.4663464656359252 1.8039122919756339
0.5486352974374346 3.9349341168981278
2.7401711865736162 1.852625263581125
3.731754666608245 2.316324130341177
3.5801914786500455 4.261269274970678
0.383204214798573 3.9853861993589574
0.4188282255648684 0.1824144185959561
2.6317506761193203 2.843689429526749
-0.8148279708868175 3.8282468939540077
-0.4838934098873707 2.43359854107984
1.0782355094406915 -0.6209855929974731
-1.133895258158938 3.780968664764903
0.069998466610247 2.3262494867450294
-0.8281542268700249 2.8109229307744332
2.7554628252255084 3.8402886182161833
3.192377724055305 3.8480159714009137
1.0142550581187555 -0.5228963468976681
2.329935907090724 4.0692978869657
3.3998532813048277 4.073762848451555
0.6131860224543121 3.8263768707142862
3.6931742204266085 3.675178620623851
-1.4486860257969636 3.453885305853897
2.795454226750011 3.489754017130509
3.3600771593859498 2.998158548120428
-1.3010107085748746 3.6421921390748744
2.413854992696279 3.2538892030135043
-1.140050824768761 2.79277544948701
-0.0578792904732937 -0.1512600032484792
0.3708644046498629 0.53389687919112
0.3306368926023915 -1.3754993205183188
0.5800072625358429 -0.4340830065110773
4.063333555902227 2.2929414664578838
0.6484698971325683 -1.458389470237583
-1.1244839379515144 3.7145897460836053
-0.5678911178188811 2.3001398355571148
3.6861793070195437 1.9583823639563291
2.089271590638445 -0.850068652944693
1.603702135035391 2.542154498801251
1.9559146435402284 -1.3315363001278513
2.414794648426842 3.868688873826226
-0.0265833052167161 2.438501302492471
3.1465994876571597 2.6247712660689446
2.0470784128966675 2.138227603329548
2.7262353023586696 2.743209509200131
1.982714632989368 -1.0894052987279654
3.4242150149808683 3.400323070046662
3.275130867655726 2.302615322248577
-1.5571615734514066 2.3676886546584885
3.3894607246496036 3.529497019034053
0.4098613570930761 3.285688676058491
3.708716374205944 3.8618376630980467
1.778542037697308 -0.1246497315495365
3.8385197525921404 3.1476838991791904
-0.2654709762481362 3.0878271739704206
-1.21106754849346 2.0330457467857546
1.9618925779150689 -0.5459616707397876
1.6877487722129036 0.6599889999111025
1.8011152984592875 -0.8152938700400485
3.566618720185695 3.624575542712939
2.7071394301393004 2.8814829875034342
1.6364280552725938 3.541767422481359
-1.1415825476172163 1.9159134108991096
2.3692653870309677 3.5622886531553832
2.349134121800029 -1.0436091738290325
-0.3049092744150452 3.642292975056388
1.8616144116922728 -0.4606229243241211
3.509892162605736 3.454515693244168
3.439452775432178 3.745896631249668
0.5604177441799285 2.8022062444335503
1.1322450260386423 -0.3268448615091644
3.5754635837432422 4.21778094911517
-0.043767264882761 1.5765558565717241
3.130912731052814 1.8815673096579053
2.867135950284646 3.821645756242388
2.00566822061812 -1.6143482797847455
2.191459996939513 -0.4335353369752858
3.8214415551215613 3.2582464715592105
0.8480728532822683 1.8605453619317887
-0.4763423388778642 3.979985196116184
1.9040303334592599 0.3728459219859175
2.020511018639942 -0.9667104831262356
0.5142991173750777 2.6510167941852054
3.165740608211124 1.9423099425421453
1.581573469062565 -0.6169148809085243
3.247135424812055 4.168896164097879
-0.049380115313894 -1.0992755784216057
1.743595670268364 -0.4809956242493592
2.237354179776851 0.0569998606534618
0.7346657939618692 0.4743852817983963
1.535560613463178 -0.808900474112529
2.0919152518035222 0.4386439724672967
2.029093506500831 -0.502922041870077
3.691060517071734 3.1367264757122473
3.09675574306738 3.3554532772490573
2.1794145210844738 0.537831479456861
-1.519852840806034 3.735635076334709
0.9971456099492519 -1.3722132247174545
2.2160719310517982 3.219355557536746
3.07908097162438 3.572901909088833
-0.3984080988355017 3.7577868459416197
-0.6944787452741403 1.7072607510491222
0.7635553129063741 3.8764167433309953
1.2633605204283804 0.4393734539564249
0.79994996396662 -1.3460874724851175
1.9862379411410467 1.9738612504167456
2.810601952084075 3.44698636916647
3.214133596491357 2.7131621377848942
2.0632221677767153 2.3748071316895496
2.2301520387518408 4.201025919967533
1.3437014692008702 0.1542442038738808
2.3934221822045707 3.0944832395767365
2.6225713597812947 2.9462399339184393
3.2241118826310227 4.11821706422522
2.2027240412000846 2.7757234587706323
1.8266665825339037 3.950671492364165
1.7645450843442967 2.8873769616028864
0.5805625797626964 3.982652722059697
2.0937572210364324 2.924476039065519
0.819944161565133 3.822438730431406
0.1642684902580215 -0.3655104418861563
2.2324220934541867 0.5018568810969222
0.396175785520046 0.5265573769547334
-1.0641594461119233 3.9602719679768423
-0.5449395397266872 3.7747982251869407
2.1659624037760112 3.1810931527824406
-1.2034837987440892 2.6128042308344694
2.884233473113352 2.3885971891062456
4.035964346683952 3.6963394701915697
2.074374280489475 0.197672708513735
2.807752572339674 3.4524020498775942
0.6661474834166555 3.9196307189522086
3.9235850514041157 3.912762992689026
2.0504117952980985 -1.2510948626046108
-1.5150893466257078 2.7101218993258773
-0.0220834088071663 -0.7718086020688794
-1.1029602440157635 3.9132011292823976
0.7580178277382266 3.3883526711871874
0.793627061978956 2.6947478277610375
0.3103295923265703 1.5569907582278932
2.1553569063011784 -0.9026210377386839
3.935469958222073 2.5315632378399218
-0.5148138877679609 3.106164409032277
2.181626474030459 2.1963795042912913
-1.0917430196774105 3.216593320449921
1.7365159275860536 -1.4509665811632815
-0.3566901498857959 2.3340241120946987
-1.1216115010809922 1.959528874826516
4.0118141881713045 2.1193717613325602
-0.7807307429357502 3.3425027114615053
0.0806504919257092 0.4322007275891184
-0.8226240550207794 3.70760225417678
3.321104442369367 3.2261852072513437
-0.3890511122048654 2.665973300705625
2.499574270643583 3.7585423616602345
1.761855051230122 -0.2830891249558844
1.9789429164079961 2.151265831497954
1.3163562393739632 -0.7705619938824259
3.9375845789371247 3.4900632745096596
0.3835671279489181 -1.145809347749003
3.4574199218126704 2.907180711644353
2.190493840089459 3.7844089158656544
3.660144945729965 1.9636774380561794
2.270213956856315 3.801126614908104
0.1725802460525193 1.7048518582435046
3.6913087727722487 2.67238982711899
0.6497202215542079 2.0978050991919135
1.111283572927123 -1.0684000393316202
2.3632921271697587 4.248545886690721
-0.3855298072746373 3.5320768793298383
2.007201883594028 -0.8545763349050924
-0.0664214411862364 2.3890371250242275
3.521641440557484 2.279215430407541
2.9559900162268766 2.1662386838429026
-0.4341394686804071 2.7234283590067365
0.3866817055101765 3.1554261159077073
-0.0707335587797484 2.9009853262911154
2.056104773979984 0.0140968926175994
2.644982924775312 4.140831890761203
2.8494962058064903 1.8706981195353183
2.833135941511701 1.8379999991089493
2.08145820363908 -1.1324176534548465
2.6355220435070006 2.428062658431461
1.9237065757757656 3.1969142690094063
2.306217324496239 0.2788222337427003
1.2847644225439785 -0.8971012093775713
2.059415685932872 3.2829167608849033
-0.2674988459445441 1.7482901456121467
3.3425688551134387 2.50616305752956
3.418346774980371 2.158153179677142
3.792112561691768 2.240629865674885
-0.3465490687039583 3.5813345987551384
0.1931364629329887 -0.0963854482431132
3.9548455381053613 4.122992187920629
3.457679524535292 2.0571739311803645
0.5089485279282123 -0.9696397262117222
2.3003267601841433 3.970329525395947
-0.0540230925390019 2.028839000990087
0.5663346959000003 3.0818215397486175
1.4614296651371335 0.5847906979192086
4.002974949644014 2.486017826522654
3.617135579053979 3.5680029861393514
2.5461032599578637 2.2479327385310928
0.8242592477811712 0.0934416055616922
0.5711788828981931 3.8738336544176852
2.150079478339578 -1.2824638875423389
0.0473445570152656 1.7250458606541976
1.2100489416877354 -1.4760022365390093
2.090020322233089 0.6752098797651807
0.8761500533001321 -1.0018653729675573
0.3589035731976557 -0.7167997847627968
2.646654222020065 2.4017614441603903
1.6503335930902094 2.38769365261637
1.9915465545611926 -1.5408336404747622
1.1979006492474025 0.094997624759717
-0.5863705120701024 2.1950592921798715
-1.3587098790398462 3.2281176516909262
-0.4608048966315332 3.375831601483494
2.048473615885921 3.350186748967473
0.6503744527975298 -1.7728523563171255
1.114929206481575 -0.6499316052057422
1.2682508386555347 -0.8349647796995598
2.2581321704969577 3.5559354238629215
-1.1141911632410546 2.385305934043699
0.6278908532754196 3.9784673616648583
1.4472826348250822 -1.010240371689394
0.7352062324163328 3.5683922666616263
2.2095098079528985 3.948760449642766
-1.210070112193905 3.0692971120356045
2.4272503152932017 1.9777032917867963
1.6898108194529562 4.069401038628617
2.174737398010158 4.125752618261291
-1.585477491481837 3.219960551051954
0.5085161514306588 2.1808761432315484
4.078445650936345 3.9656089113927364
1.7586403377114095 0.0232562773798948
0.0710930466378966 3.348678124002202
3.0676325157705713 1.878777736949098
1.8216163822683198 2.299082355475396
0.1905477403803805 1.7713062174012384
2.32296905517893 3.6640313212948565
0.2966975077402863 2.1186007978720505
-0.4735478608310498 2.932823542186316
1.1673717801052825 -1.1135604460716069
-1.0861878020144085 2.7021441110984323
0.2418609414858955 -0.493926463516407
-1.053194409652165 3.1019028317333466
3.7311106409596637 2.0576321843847434
1.7226376046574097 0.3873495696700629
0.7219985599983055 2.9385521532653693
1.8665421398506925 2.782305259222878
0.6726305000607171 -1.605309592899961
2.064834157584022 2.643031061100149
0.5119380091779298 3.137597195276448
0.2633185240517449 3.136467313762804
4.048343979383148 3.160345790169518
-1.5774474040029367 2.4048605099117837
-0.7531949949516963 2.416509690198282
3.221203768842041 3.171351275987578
-0.8790459709105712 1.6014348146493353
0.6261961898730128 -0.1976664315522689
1.5620591971963287 -1.2642876207618312
2.6875340527613534 3.467025996445273
0.5700252810215787 -1.7731157347452655
0.6561068432207547 2.2153197536113223
0.6615327991064207 3.529148654402081
1.4146610611565438 -1.270242907372943
0.2006845248932625 3.8890630094453837
2.765165562230958 4.280603384528741
0.1681093570231319 -1.7403695776877448
2.2235128940733127 3.3313328798506294
0.5732148716303741 0.5482836910751148
2.084673603733438 -0.5058398912630591
2.1374701144487767 0.1442377722894125
1.6763872851116643 2.6961637103767826
3.3510215840227144 2.852620955218563
1.8104790861227416 4.177368748158465
2.9912086962724618 2.979011555458424
2.9385614580202875 2.8998426738043035
3.713276378015147 2.773543209141647
1.6690280339262464 -1.172426295737258
1.7842116638680674 2.613652719890997
0.6093722660723228 -1.110125006782858
3.9069399065901953 3.9547565933524185
1.7045385393271917 2.071696631257522
-0.6370649709310497 2.078032504950576
4.007370411965522 3.6860589440522875
1.746153623352252 -0.6550552949074582
2.372813360958763 2.2090014557481736
3.6525304674223986 1.9405260463582759
3.3202692630842736 2.735873618831476
0.2832757934917449 1.8967194886776404
2.110919342692217 3.6665146806298727
2.0401035550178777 -0.5619684262316605
3.5678141020931253 3.2999731722990693
-0.6566677297472271 2.8745569849250625
1.7524089209269575 2.4847005854936537
0.3108796888978833 3.6127007070718675
-0.965284379036684 3.469935665954081
1.3978419116890748 0.217208407814727
-0.9530168790676118 3.811579939173162
2.6416118316790844 3.4911196011383567
2.872041292495293 3.6428371345512396
2.3948999929704478 -0.8671890611958821
2.380611698594139 3.406849764890617
2.2359023621242713 -0.4715557575648563
-1.2302626847870355 1.7398191326890122
1.8745926155531536 2.9438474243120623
2.1453300864442446 3.6827538665162467
0.6330361251774921 2.6014394810088324
1.5469058460367577 -1.6534914538875707
1.7508162291737328 2.7715926874792616
2.1247257404782482 -1.3299610747688542
-0.1640424429816166 2.178225347673282
-0.540432849120621 2.5838307242289695
0.4680051790328041 1.5313144695328136
1.6499256208618251 -0.0197522968362307
2.718210135465185 2.20179453955982
3.7064610836797303 2.9997205665114826
-1.4013550012834173 3.108465827135263
0.4415336838393208 1.5782325022650918
2.0174768330091175 -1.6772120727321949
0.2866409083136786 -1.5957356438680157
1.6170716405736567 0.499610439693638
-0.4030227804656374 1.6030453508996483
-0.1632293074202086 2.644295611231672
1.498203409465746 -0.0949932748094789
1.6036531431125647 -0.4745162107430068
0.4081962919056485 1.766627942002866
2.9693072485605323 4.162813838102678
-1.544496416857419 3.359555184750274
-0.2059257653814745 3.3007135316238263
1.3707813662806505 -0.0512226970269127
-1.469174576009218 1.6520166623108274
2.282992979406029 3.3505605918767145
0.4299847308010671 0.3011143342435396
0.3627570289420582 -1.7351876887905624
1.226853986839993 -1.7749221512627742
3.724887642120761 3.050599770055202
2.2745066191865226 2.31281045473113
-1.436677813332659 2.4253205575056764
2.4244598435950695 2.3035671838536826
0.4689378226915882 -0.3361851899455076
0.0493092962966576 0.2980646907635363
2.646246877799363 2.7389244223999687
2.0972611756649537 -0.8822961686216033
1.8834563503620103 1.8511384339912496
2.440092313403726 3.275870875234823
-0.775400783066638 2.8211269688140708
0.5215273971599645 0.6082927208787972
2.3601269006467964 3.3389188363300133
-0.6428251390690736 3.503028972037447
3.510609117637548 2.0365659114284123
2.5710821322804542 4.008886305002721
3.3673187694568636 3.646573028319396
1.6338852526614522 2.916345565095776
3.7394111487982324 2.386662857790223
-1.148976350794842 2.495766246755551
0.0511880931862113 -0.0653939473050231
3.3925750597770796 2.5652267945750196
1.7670117828820422 3.0192124377132075
2.3189525723189592 -0.6311868464617753
-1.3145154305730993 3.911848322627945
0.0420286290162135 3.4807850782420937
-0.7441912116383382 3.606829900968598
2.6582644779607056 3.884240068018907
3.8845531255257777 2.36396202634334
0.6379072524114155 2.150704692826074
0.4480698371831371 1.7737013778641788
0.5567226308401977 -0.8837152769902894
3.5073657808093803 3.744569338535707
3.876740084683874 1.9819767154167356
-0.633109874852539 1.571726789135252
0.4624973123882384 -0.0689908573864199
-0.4041757417726508 3.1841023684811245
2.2927821488639872 0.2426544983451454
0.6331912123937679 2.2884130579831505
3.6289696559856734 3.349979849381021
-1.3357095264301586 2.2214288148151993
0.0818906505050064 -1.435327605107575
0.8577067496224474 -0.1979088251959772
3.096386133358504 4.071590991981959
3.8820219700931795 2.971235143808886
-0.0962652641416338 -1.1153032112387686
0.956296895700933 0.0238792050241447
3.2984301902668007 2.6804218533912048
2.9701716080159675 3.0955109445335705
3.560423184413092 2.312291531264542
0.9354638260787543 0.5308270786611085
3.500895544284208 3.916145519480509
-0.5802859895821298 2.000306075500922
-0.2998808291234451 1.5460223056529405
-0.2973405449938488 2.442633360129589
2.155043237761032 -1.7278806560363404
3.994588092794347 3.365270555800984
2.176249486420319 3.0969447504792336
1.2099613206172166 -0.4817947333331303
-0.2806854122388022 3.252134698496552
-1.0797713539494498 3.8679672207631977
2.7320772052234235 2.32893238695637
0.5644478421168926 3.0141208641587145
3.8868661472103962 2.5368045496153586
1.234075522486229 0.3967882296581371
0.2037934420417715 3.2884810828542648
1.9170637351625102 0.3100999660274023
3.9399534053537555 3.9424016403180953
1.1923068148477485 -1.4777058371253406
0.8813701468971443 2.658182154877124
2.1647473123202645 -1.6061630558278235
1.1070984721976496 -1.7509816892431749
-0.823406716758628 2.5672508851058824
-0.7824989989604747 2.595976460015776
3.598243634218488 2.5778990009376765
3.491804184157345 3.950137270338441
-1.4542507680091887 1.636121940674828
-0.3003281530486204 3.859787798806833
0.1927109231954929 2.3229945658074027
4.043150454885979 4.1951788557027765
2.8739925603155085 4.128071196357877
0.8689502073911566 -0.1767178203558524
1.7455144769758206 -1.578922972875647
-1.4191069488924335 3.707816211451102
1.6021970728916723 -0.9895787139043811
2.3566315583492656 -0.4201947416775335
1.7589011584493208 2.872397622792159
0.3430493987392435 0.0511617196114983
3.877293313260431 2.8032897676761803
1.775164623727305 -1.5539242212005435
1.5665423746278886 -1.068848685762228
0.6181657547036148 0.0113577900818318
3.5560261142796934 3.1110658504698128
-1.4542568072308006 1.756204255254896
2.8776160701106304 2.924806607732399
0.3883756678735188 3.0804183672275003
-1.022424803845613 3.4835709019768855
-0.7146784397276847 1.8836976393658598
-0.6717105649384367 2.07307507318786
2.4209066746689287 2.7565774386450443
3.9083763637767057 2.0419845435059356
2.515413793745832 2.0184564182605507
0.8227123437073632 2.631317427754888
0.6176319194499047 0.1391512285595798
-0.0228039813335841 3.8508601312658937
0.838759690387405 3.170952859401883
-0.6442393286568296 2.590759050386959
0.5173385852698881 0.4857887575640323
0.5678751308614528 -1.6711009540874944
0.8954648282784741 -0.474427922614014
1.4928871694641066 -0.2091904817298261
0.6869004490501696 0.0720632765701816
2.693304691973323 2.5553434506199055
3.1942489556324594 3.0670185878326177
2.2761395986560697 2.5932898423859534
3.342787160847997 3.563015860776881
2.8503097584849058 3.5836139359017647
0.091542965021085 -0.3088735987706927
2.378465926049797 -0.9645105723370733
3.28013284084893 1.8890653731798999
3.7181190023548503 2.23675660806598
-0.0119148666709701 -1.062205181589072
3.6665364096434585 4.25907611153766
2.7264183038472396 3.4630581167484578
1.939058553290901 -0.7343996631530253
1.0308286026411626 -0.5086007217775025
2.7477051229101113 1.860033812443821
-0.4724292526200903 3.430576713613015
1.6454933216113934 -1.546781882211851
-0.0988750248688107 2.3710669528031736
2.306552267448322 0.3783702914371702
0.8617334242345409 0.3064336160301283
-1.1146588636784969 2.2165459021452567
-1.444266130931624 2.2322087196424834
0.8263723263392659 1.5710490613020196
0.4848106029590952 2.956528205727606
2.717158345068887 3.8994444608832657
3.640171428672113 2.9862154035724076
0.1607961609345699 3.732796838423588
-0.6461990717685292 1.93445612451841
3.5634935277252433 3.287016392487327
3.790676170969335 2.7872913939310107
1.769550894929457 0.3045451594975615
2.9166653146980313 3.682838047456712
0.4632914692547383 2.0541504223983647
2.055899506107295 -1.3118430095717306
2.843487892462523 3.2777826357139506
1.7563775090102831 -0.4815813447757319
3.090516248039284 3.1148724903100042
-0.9177927388971625 1.9748555266502559
1.9307092518592712 1.852050394795439
3.454387948037413 2.5554955174237537
0.2854429454709578 3.7200666653703593
0.6193131693326485 3.414705323650057
2.8177302052135977 2.2245543852702205
2.8929907412193168 2.5607411262805004
-1.070543473299855 2.890899151220179
2.117670518371214 3.9350949920906158
1.5231062598594818 -1.5356513824299474
-1.076324278056292 1.8882194956127003
0.2046410556611689 -1.7938946662253958
-0.2989318984434464 3.2778964661625674
0.3626974026033715 -0.3666701119996801
-1.3213792907270103 2.0304353260663004
2.5687006589311228 2.4677676114853164
-0.8701798269419416 1.9014677261977082
3.3822597110138255 3.317539114615587
1.1887115569282338 0.071181650118617
0.1548558507447722 3.649290404621993
1.4667291606822972 -0.8040370472433586
3.6685022848319235 2.489040991179589
2.0649467612847205 -0.0489973734277029
2.3423858089703353 1.8598239904411262
-0.8086235772863875 2.4658211753415307
0.8788187788490047 3.8992356593787467
3.904342766832192 2.14294942835034
0.1300075965419099 3.797221972201794
2.7129294575967826 3.5961493046596598
2.1028807401752587 4.194615955269077
1.8210602481801599 3.840880237043574
3.8147357576899044 2.864039281187432
1.6037566872763067 -0.9095655741850733
2.0089099259026444 4.195142517438251
3.1868293835037265 2.7836393369558783
0.5798444714127255 2.190066342612278
2.6325501987344575 2.465701752463954
-0.7254495910731014 1.5414311273957961
3.714509796405436 2.948137824853894
1.470634632710524 0.0147285465916943
3.9992540358052038 2.62356304500241
3.256213846680397 4.290598615182515
2.2607245177395026 -0.7839430605570133
-0.2223280177053539 1.743621145038396
-0.2562810032255019 2.4844254240191126
1.483565953963266 -0.2026156593266968
-1.139265884157139 3.808977008950143
1.8804156555838136 3.079115442270585
2.743676072723018 2.8609546116994085
3.477581433216173 2.1404105020352815
1.9272787373671572 3.290658239073973
2.6147407062327734 2.7832266406599215
3.878411306613902 2.5516139505931696
-1.053820048743714 3.483383333162496
0.8416416372121933 -1.4206073265550545
-1.3871765076944376 2.865177421920782
-1.5224967864868315 2.332904588648351
0.8136281859131503 3.1784112990134026
1.5645805742941166 -1.3702708648974322
-1.338714561878016 3.5703074812737805
1.5665299421130623 -1.4552937514291453
2.338411501315671 3.0193934087348047
0.6926596458790015 -1.62497485547844
0.6365136033357904 1.503840156903114
1.2168610627313972 0.3320199723241816
0.2433897052242436 2.0845216547879133
-0.9517993641350005 3.3735143642016476
-1.065566550131583 2.396073061465138
2.9084489912276736 2.260398286859058
1.9114671878688227 3.757032530048124
-0.2947278711184641 2.7142912943122064
1.7624249882874714 2.071415839423802
1.7149079324669942 -0.8391809024981475
3.4923888035612602 3.031066080839487
0.6622250585918064 2.3850305713667734
-1.0802094701380693 3.9744164571922433
-0.1248232597063605 3.019085422564011
0.3490103657941428 0.669100167353288
2.3537403192978807 3.724225897034146
-0.0311637145955489 0.1880718916137368
0.4273679747969988 2.397194803685073
-1.3937576542859913 3.77678188769626
2.9558149153462034 4.279357999347519
3.207665776500768 3.991535232685632
1.8838200565254093 -0.0287884314519339
-1.3041795891119905 1.508207667264436
2.6706978885623025 4.072618324515501
1.7872319517373536 4.180263878705399
-0.1942487126148786 2.86101282502843
1.9386365003848434 2.515374349925867
3.95655800810409 2.33046287334625
3.9208399284057225 2.2590485629195394
-1.1883231181435119 3.707718886117888
0.4214076940378755 0.4261076656867044
-0.1033973466917243 3.25670882474852
2.135301901591189 -0.7357764388790328
0.065901925675902 0.2022268818823382
0.3193252063732781 -0.840288956631649
-1.2697519296060151 2.289890597067608
-0.4996154824303488 2.285279703876178
1.639383894848592 3.8144708918427574
2.9438953917183133 2.53388572656962
2.346896554579331 0.2967118356195924
0.6778373237995068 -0.4758036049026966
-1.2111339437217943 2.229301556690354
-0.9331688496097543 3.858929617140721
1.6491458929830893 4.0356412867667295
-0.1716743143643043 1.9591101892434346
2.789689885088462 3.294956245151022
0.6769836386669299 3.9167776066255544
-0.205954672360894 2.065845066604137
2.5017461689039346 2.3511487967139675
0.7950460012007412 -1.6771092465659052
1.5246701198411443 -1.7723455940409507
1.2506752164303763 -1.7653332735187202
2.074316468428953 4.045324122709605
3.7828994074383258 1.933324712388398
-1.3278256589259163 1.7564849322493425
4.086624469865007 3.3887682466634383
0.6534290674055236 3.302895557964645
0.3488281077930804 -0.4768408082375658
-0.045999053392999 0.6286169948469524
0.6376869975561984 -1.091688072266611
0.2786767346916212 2.6189363533314056
0.7768735599716008 -0.4473347989694466
1.9254637045006882 -1.5089617820963708
1.691330826586089 -0.6791682519588608
1.8976510815841467 -0.9390814393244487
-0.7088513092666539 2.8601147166901923
2.15245204902163 -0.0653824012435169
0.2384147521845533 2.428626924328216
0.4842960807050652 0.2015560411006981
1.6100004880098944 -0.0991835778515569
-0.7691749452397171 3.2007293107396118
1.7511212680683144 2.6085282298429706
1.1589762020919545 0.5294026389396203
1.0289085079925353 -0.5209924793811423
-0.4251308930400472 2.888299597543663
2.7242537688378907 3.867686562371164
3.5025132835584274 3.0516987603928256
2.172986016666352 -0.3228534659310319
-0.0124223682597263 1.8085162775417623
-1.4210758348879209 3.09415020643063
0.2364524324120497 1.6914101945614324
-0.4899763785254342 3.312938988373156
1.231027739086363 -1.4365265579231101
1.9965254823910876 -0.0262794092330845
-1.0399627379101244 3.6678611518887285
-1.4675707244493508 3.1752573432635582
0.1755403016399758 1.7449578084206145
2.135547993997538 4.229704232951006
0.5840198588691436 2.182961062430759
2.5959899754131364 2.9073534245451924
2.7490351093549004 3.25312799314944
-1.1712849460240722 1.8605486066508279
0.1904561983813685 2.988745035245204
1.4906964451175817 -0.9024890021147742
1.4263887218429492 -1.2763239025046453
-0.0749276420594652 3.9254016924395936
3.6356708033944094 1.832918383397667
3.023154911560515 2.2671807752046127
0.3009483073016057 -1.4709404426987747
2.203301700038916 2.373399379010522
-1.4086253542466876 3.954469326098076
1.8285738425213762 2.5869541236757185
-0.9425432334763139 2.5431766258691777
-0.852978455723895 3.3723942548074146
2.1366314896739382 0.1524869527516442
3.2765616525966457 1.9453903558195855
2.061830093348661 -0.4473621447090237
0.6387173423510887 -0.1049724060980876
1.6686752616925846 -0.2908982790402469
1.2059571099170108 -1.605609112222235
0.7895235506525757 -1.0071609688768346
-1.0644059042817415 3.902474112302232
1.8065230141784956 2.618894684037842
0.6401557123530828 2.561731134345586
0.9040252277233836 0.5922748879611847
3.3510982629519197 3.3727489246564195
-0.087761621007782 3.8787556726186185
1.687994118753248 1.880697100230458
2.6979572851461295 3.433271246892926
1.1595702975346769 0.0862128899319442
2.1628852113313983 4.259439678771501
1.7475733662305728 2.4691028444665424
-0.1391234698815471 3.5229613076214537
-0.0487450972476903 2.6625951507716876
1.0497724113754319 0.3330188315926018
3.3931560912693204 3.217939180163451
-0.7337265518223121 3.6146169463358038
0.2412351309218338 2.1961711567842226
0.9268919092108046 0.4992210903824192
2.3743336430595208 0.0429747991905177
3.767459787244061 3.174808869359084
0.2307092311380378 -0.8146660954482626
-0.3401099576552534 2.568061961350806
2.3043203174662827 -0.9066412937020477
1.2242225278438885 -0.4881498753140368
3.6435717327470964 2.7089078539320215
0.8272674457492577 1.721271037531475
3.0457966650405885 4.091961977961581
1.0719840409651762 -0.6083377806021637
3.587686293907822 1.966217283815511
3.3772231841224394 2.7094042027879226
1.5261741596869374 0.002272257169265
1.889928338485886 0.105698255732435
0.2402440289255042 2.831754193674044
1.3749337113295643 -1.727940437281508
3.702468917460638 3.279386845490772
0.4688272086349148 0.2610877411698377
0.4490981757223303 -1.1530295280988052
0.7959763574706289 3.796612419049694
4.010204781718826 4.199949350369097
3.412349372556709 3.609048796821654
-0.420601903572076 3.0084697032863823
3.318306439775642 3.9041034015221174
3.849471687252183 3.9951814833605686
-1.513650630209484 1.7700986833382393
1.5235751466956975 -0.6039385002601584
-0.5873395230788732 2.4379676147434464
3.1603067156851865 3.1340865369509894
0.2576505666842789 -0.4843492219700627
0.056992639067405 2.5201955316918387
1.847325042264076 3.588151405248061
2.706748771604924 3.482208174545221
0.4253451635085225 3.2906755071279843
-1.4240664497053364 1.6657809429012522
1.5062972044660898 -0.5970704777981636
3.0472381792619636 2.308087429840035
2.651324694457445 1.9847312694014183
1.9702117073723517 2.5929178291232975
-0.3895144790689372 3.18977222097193
2.083865575591967 3.4424043753260243
0.4263579897233519 2.345368556989145
-0.0362023514902444 0.2697500446137702
0.1159473230333326 -0.4804929159181261
1.7498664789349618 0.2552711234913361
1.7994045831277787 -1.78779491368035
3.078685706100563 3.984451784853636
0.0044492974916521 3.6626409007969993
0.5083271680704919 3.090343266078806
0.3734530979712008 3.4444571410000857
0.7043787113744975 2.3213083728727395
-0.1722285981013644 2.4569612848412272
2.831645337975135 3.85323395120117
3.285207187630276 2.152565840499033
-1.3679559747705063 3.7661919880235515
3.6915135365415392 4.161918201555936
2.2391161871367364 -0.4079764576192418
0.223349519170445 1.8757118083051476
-1.3642098616093505 1.8732875340828743
3.254129421699688 3.080593660823304
2.4849385524867493 2.864050533878958
1.8688262593836351 2.4198910883306852
2.449355385946729 2.611780549096786
0.9632918764003037 -1.6542553720363131
2.4213974950615444 3.2875133119875497
1.6526352765613785 0.5486192033820891
0.9269268907974271 0.39020954357544
-0.9151072980017441 3.571517537194445
0.3210888717186286 -0.373841409964857
1.7769890162285613 -0.9165042336456738
0.6713028501833515 2.957960260562535
3.2300360860133073 2.4372193567604024
0.7308474197721704 3.509200215594902
-0.6938418644078692 3.9742397190132195
1.990976970983353 0.4947000172592117
1.9944593835227016 2.1123933577182923
1.6747461139068727 3.616774647635628
-0.77254304397086 3.233288880523904
0.1521277848206969 -1.6818562932954504
-1.5468067803462202 2.898341627711672
3.5643648727627353 2.9008810743088347
-1.0272217534158226 2.599591156497888
2.068581291996978 -1.1870836179355957
2.643557452998391 3.488884248532768
4.0606484393976885 2.7793111644865984
3.5493935776787864 3.922396148798083
-1.0487339339137327 2.3379750186791215
2.981418315059648 2.288321484478022
2.1968401666497654 -0.763894353777872
3.6861775407241453 3.4832717044645496
0.0527473909072427 -1.5059561559963135
0.5617259686686621 0.3445284709753651
0.2867488269073055 3.6819286174961694
-0.6655509420438807 3.0605591412291924
1.139902671151915 -1.701280245033618
0.2705811479510545 -0.7346324568111902
0.1228153665376226 1.605021651685398
0.3659808862866202 3.3660934664609874
0.6365964463362142 3.455713632022906
3.3822474406142775 1.948482979603915
0.5260235708955827 -0.6768529518780793
-0.2170975018735977 2.9847436066458157
0.6734552745662197 -1.4810100085797837
2.636596623679304 2.1618626443622686
0.3230789907026175 3.3280233968724278
0.5172947204472442 -1.2463736119557594
2.357776254179136 -1.6870192474127272
0.4553783853810855 3.1033602607637736
1.6869490390132729 -0.7298879899473077
3.401810713802054 3.4178035960455713
2.6568534659828247 3.9988348468505395
1.8013432534353906 2.7543574267144773
3.8349686864203414 3.43659318404203
-1.2236441374561755 2.771031209776542
0.1833960068481145 -0.1970246908986024
0.0137010337183239 -1.2288280500006676
-0.8180925410433256 3.3477905680719022
0.3432971052229119 -1.2662388543606702
2.326926621005836 2.8013415743065213
1.6727601547133375 -0.4566082369927534
2.0267757005298837 0.5114296446177053
0.617678761973822 -1.0198856991807017
1.3953169284162306 -1.2131828681595687
0.2280429982637033 0.6588216967071225
2.5278768559500895 2.249564976539786
3.840268517717833 3.1640881389476543
1.6244104138360693 0.13392124817463
0.1377311884413324 0.2544159527515223
-1.3131111315536776 3.979165493257385
0.5388332421600164 0.0617990843751367
-1.141459803405734 2.8776272161542007
2.1495317284696 2.568916388786956
0.2707817575282482 -1.3015899886707647
1.9823355870310455 3.0255009570157045
1.9282750651751481 0.4033828373921834
2.839774665082955 2.5629096348167946
1.8820582202130585 2.2168766700181006
2.3450846679913147 -1.7698156924611776
3.4705812571753727 2.2236446483038224
0.4348668952385868 -0.6212146969247414
-0.0502209188185829 -1.6559060251129143
1.7925863838800382 2.289731615445272
3.25534692162648 2.7912604557081875
-1.5662731757595214 3.0094517441960864
2.4302368080028756 2.7438491544480312
0.0493491788743678 2.313469821504822
-1.264694984033344 2.3401958248619623
3.014597466803391 2.812486521166759
-0.2958154985655049 2.6676678533358844
2.9081912772558898 3.213790118894831
-0.6303635370346572 3.792626420343616
2.8569986531144185 1.8994610559319767
-0.711218351029916 3.6004644570926407
1.9956855520818941 -0.8072028776571056
1.0470549654801427 0.0950286347302506
3.652480796420472 3.247637699942619
0.4004235214918915 0.0498479045752275
-1.0028575776927522 2.008102436302957
1.983079363633533 3.8823171183626055
1.5845437896199999 0.5860421292343279
-0.4590467184359813 2.1928177782208853
2.6007123672482355 4.043414181221456
0.1678826872921089 2.9881069156271214
0.2051685614971749 -0.4318252599509879
0.8703178183531413 2.3851467311725103
2.164974431292058 -0.0707646583658555
2.828428280175862 2.1396250981771283
1.8862126599724116 2.4056089323648475
3.929684602477066 2.4858534683573095
2.929701052412116 3.2107988261329394
-0.9161629469167653 2.840643416641607
1.7783553340626157 2.3976738170417873
1.5723657275052743 -1.1270011928479997
1.1036193822787284 -0.6799440750042809
1.0238797961405997 0.05903160813868
-0.4870763650282595 3.3625747366457612
2.052028312884191 -1.1407687756974219
1.630121866640485 3.0482180462034543
2.2233260760256113 0.1908793666930688
1.876551602384434 3.8982460130971752
-1.3872513078966997 2.598310832869674
0.1392910718148329 -0.436312474371531
2.827838701072691 3.2238200360659293
3.6499872907364304 3.959226223101075
-1.0359145005357753 3.3498943978642695
2.113817075390572 0.0056275450503523
1.913368223293117 -1.3311838727586092
0.6450103720288045 1.9881776679493366
0.0686567544268686 1.8101542813481004
-0.67890854124906 3.5198955819003057
3.7035768386276744 2.589085864328248
2.1337746683938055 2.7250140736500197
2.9978463517833336 3.1525589138939867
0.5982477801542304 -1.4449171271052148
2.1377342089121876 2.6644077340947505
-0.5227378113731093 3.1901180994020923
0.4414867150268066 0.631465464417137
3.391815390903911 3.0467517076932737
3.7779245128525303 3.9581932465384884
0.3713008269437274 -0.6825922342761055
2.6432519380981736 3.5013088272502952
2.2233916542605794 3.835803295695267
3.957000280150032 4.07018502020343
0.2290188352155087 -0.231562784803914
-0.2423101084580258 1.9010030145575063
1.493541906332364 -0.0967611971614545
2.1440405722810056 2.09212685654425
4.0450976334999815 3.586300014001778
-0.9237012382588917 3.85928202146471
-0.7841274728147212 1.7213146262927195
0.8125292251883603 -0.2190747332795826
2.6051130550636246 3.2035581748171937
1.633452028177526 -1.5366071994922046
3.0157968634859493 3.407270712567325
1.3763804652228215 -1.4826418881449432
2.288439165108262 3.686813136594606
0.3320904371534546 2.1301275697205115
2.8830269756924194 2.150935404546449
3.4066386701604117 3.004763674953396
-0.228165078641782 2.75933240387526
1.8888245081967328 0.6380635384418225
3.609173990973396 3.5782296640554927
2.907961966839591 2.696176571728216
-0.7668456344616786 2.024955384785627
2.9641563121665415 3.3676207150201973
0.2542600441614885 0.5175700168556515
1.017598218240647 -0.5542702750089541
0.5724154514293095 -0.9454684719936769
-1.158045714301281 3.677203275572792
0.6423996751428723 -0.4944706206036648
-1.2017328575556274 2.0938836415003528
0.6240194748378409 0.5929965653177872
2.4247714170488375 4.037276262466593
0.276707513387874 2.2097132919345928
3.2642662188214735 2.003145618493648
-0.5715811986223345 3.7401319821756256
1.206416317939982 -0.8679307975995794
2.3530942358004943 3.3194811491923293
-0.5729196669461568 1.7431544706709132
-0.0339479783924864 -0.652886258431614
4.001320876663141 3.3047460898330034
3.4487059471913244 4.267094498929802
3.4828083030907613 2.4584557523744732
-0.5326415665122517 1.9359065769005017
0.2255873703312581 2.8672578019862236
-1.2670478170443589 3.2043316704547737
0.8903464492303818 3.8324805431867377
0.4572865989362942 -1.3197769388985443
3.331883513157641 2.2516678382779967
-0.0145269936632799 -0.7965713555955954
0.7954792354587567 1.7347360699215713
1.9746340280414716 4.0669984105788615
-0.4507597366772487 2.013360870941636
2.4280749559764474 4.062357345814854
2.2787866237554044 0.5555546842743087
0.3249480784729287 2.429207787930758
3.34112353118923 3.5992533943538114
1.7369134165520481 2.215429822650011
3.245157718819802 2.5151720394969685
-0.2377807689155941 2.041348204373858
1.4748019234565481 -0.6521782153417673
-0.1022906652863473 1.776145265909707
-0.7322299952923375 1.8522464130948968
-0.8058364012153334 1.6627064420251063
1.9455531133099495 -0.6603740089835033
2.368889614192104 -0.4735670465228915
2.5046566614449217 3.2079174765731184
0.0534437076133913 3.9407319103959484
0.0845664116366123 2.4767245979883
0.6922574376793246 2.2382933797906266
1.6587909925747335 0.005282274034312
2.5946722276072847 3.668296566535699
1.8044806209838307 2.781798435976014
0.0787345633591539 0.4650068685157275
0.8891888755783295 0.2049243304247748
1.134216074525781 -0.5970087261893753
2.7071697096953495 3.982131920648467
-0.0631098095235857 0.1417181471411405
2.281851389054339 -0.2106142814486079
0.9133883118996042 0.6543711635511754
1.451175525771868 -0.1612624652847299
-0.1083830718345679 3.2194166475283974
2.253945785890364 -1.71340118707703
1.606583223755419 0.6995277781332767
0.0956906562130938 2.547561833570684
1.0486869689455864 0.4231076675425689
3.215366986744006 2.313593689575213
0.1066597753964479 0.5480650472542817
2.181772312666354 2.3503608031717964
1.6351333781693567 -0.8462705476935152
1.135372379060653 -0.0277219991529284
-0.0403896484826894 0.291874094571954
0.3558637496964377 -1.1144921505473528
4.052161846947396 4.189569103751323
-0.5120304518752934 1.5348575557981443
0.808903521087487 3.2555186600369543
-0.5509595302212398 3.4918662608738678
0.2727984960503745 0.6805317814595293
0.0758861286658491 -0.0009035242893863
2.0934210103573676 3.168400202064635
-1.4374753594540117 1.7935110775087681
1.0953449412629879 0.5027388070337449
0.2022604862897417 -0.4694722713105288
0.9341183532262253 -0.2116587580759388
3.213143535890127 2.1127540221574117
0.8301239790744912 -0.6083045778820951
2.1191730536546105 0.0283472418803914
0.8105454427304911 -1.5796430514335973
-1.3061814330101371 3.0408112618436514
2.9680955110356817 2.8646744540828624
3.9599420124374136 2.156079777019322
3.8320582143229416 2.392236547704203
3.9100372110747834 4.262566603370093
2.5143081782669183 3.5364096707396278
1.6571590022173726 2.4432070658330125
0.8371908790226414 0.372397339921502
1.3950885568284332 -1.4919191803429377
0.2708373811096507 2.3649086457081547
1.2100002326920385 0.5759384230283002
0.0568600302626703 2.0984023715309807
2.765033501592556 2.547603382507049
3.1922817210795675 2.8935473401422467
-0.9595223364098213 3.3592691652885636
1.717633562847457 0.5482921745690497
3.344804224821556 4.1495128623874
2.8143581003200993 2.8723181699417095
-0.3512483767769834 1.7436991874253984
-0.4534988420727006 2.7295217515980243
-0.7917455376247029 1.5510433683290188
4.035426319728441 2.3605578134945517
1.805578796696731 1.9268920824064917
0.819868874381056 3.279219533500024
2.1863785354774263 3.8392763555684177
0.8089747878402783 3.6277884952134207
3.040149910031906 3.016952085714659
0.3797625907725099 3.6071640274637025
-0.0052847509385989 -0.5002906733252039
4.002247175668474 3.3743057283070197
3.532951435631514 3.430042649779438
1.8115875937244816 -0.2994352212515403
1.1550859646031075 0.6811498772782861
1.8039488074743253 3.562509175653475
1.3216507502515424 -0.7496310909900002
2.2247877713453716 2.475390682994598
-0.8370737543607863 2.805266366833139
1.8198722804321934 -1.2537278106487724
2.2616928059476478 0.6631381419205427
3.5622823962023493 3.1829958821929334
1.319860911831573 0.3654608205777383
1.2654087357517219 -1.4479376197206195
0.1465956521062696 -0.3617399498209401
2.171587566714927 0.0711028003286421
1.5657799995520791 0.1430123201374479
0.3706238257362476 -0.6650478953214273
-1.2932147603845363 2.542869872960082
2.027283461504085 2.7950857333003123
0.0015526830860339 -1.6058314390534005
0.6363357318749985 3.8210597486656765
0.360102714854513 -0.0899784449128095
-1.0699689496273441 1.9652507204976724
0.3347263587343243 0.4775166545182572
2.2718831336272043 -0.7563721487461834
2.057810202955773 3.099200576080988
-0.476624856500181 2.2416256849456753
3.5725810330677077 2.9101125253188775
-1.5865581109820404 3.1464980554395603
1.538759541025797 0.5620402388860221
0.119783849197024 -1.4773187064339577
2.153538330274632 2.313962858799128
-0.1708068875034039 3.6489207906263497
2.104578848036791 2.4889774218854126
-0.0186681776016401 2.90123244454311
2.0417886260171967 3.760522553863898
1.191772907892577 -0.2630469176756408
-0.496525227895563 1.913768376584435
1.7987205846585368 3.35936507229793
-0.0705208985742914 -0.0124501741304438
-0.6635506207505933 3.6556273700630832
-1.1092065844914138 3.5790775259550265
-0.0769536702820199 2.521573114345089
1.3363733869875885 0.1838110706721722
3.5526876578162914 2.158549134431047
-0.4104973052605346 1.7001957790219229
3.859243444230641 1.9543085278567682
-0.827212938904761 1.7636745390099202
2.8433083895690285 2.557339035141939
3.3454886596946145 2.539558080537197
3.967350561787965 2.194633047865848
1.349854402946555 0.2858949764155263
2.5323313561924277 2.3577365676819646
0.7438622346843924 -0.5732802919078887
1.9306758703809364 2.516234224419697
3.014098585582561 4.106907027803005
3.455335670567801 2.6297681308414815
2.089967506116105 3.486898136435036
3.493870549986579 2.585538624988724
0.0677996051483751 -0.7968049398302585
3.8378975199733762 2.2949436468730764
-1.3656731045111288 3.2459568170492794
-0.570557559985567 2.295845154054818
0.5471507947422826 3.315463987570891
3.4115912655269094 2.2434749565604335
0.8804765793231017 0.0643261824265615
3.431489723328321 3.8685393002674417
2.338530703436606 4.067588357885353
1.8525318435593272 2.3319231002361303
2.0509547452467944 3.236395878013955
1.8180004268205074 -0.8841042374941717
0.062489218974009 2.3581868716375074
0.1365915866803395 0.3762085339436712
1.352759931983406 0.3281596374110971
0.572839920212909 -1.1496224232030916
2.684001488404943 2.9816385999817716
-0.8462501353724964 3.3520664503847577
2.6429111874982043 3.8833729921581708
3.634786567533384 3.3541464584771075
3.0852869507054335 1.9164279632861405
-1.0253335551172025 2.7413633593197284
2.142681357722071 -1.2270299144934933
-1.3416311432428007 3.371373550027905
1.6797713966164474 -0.1989964633841947
3.498088335111101 2.6521673027498287
-1.2950006910926632 2.0419318314096686
-0.7470707767421882 2.0900345732941115
1.835185846501256 2.650542418659397
0.033049677278445 3.8579511843789187
2.0906857094688185 1.8587646003006264
1.5325585701710167 0.6100926508893333
-1.273577218198718 2.375928870711121
-0.1008393820032926 3.167066651268741
0.3849988146883959 2.3533794906414096
1.7395145760480462 -1.1583712716610317
2.736043910070881 2.1574424110254418
2.822032068272529 3.6890833921123214
-0.3654902451316417 2.3037427283251186
0.4760360703310657 -0.3398171210137329
4.077922224048954 3.7567837946149765
2.399842757932717 3.0397200472532555
-0.0544659570443103 2.7112348831506643
0.1270848362034781 3.9995047899634675
3.1891173298315345 3.3576054414821495
-0.1872371159613886 2.177380530754227
0.7060509226180043 3.5841135765709806
1.5846811866210098 0.1819704076726225
1.6480626679240453 -1.3692045953927223
3.883775149386077 4.053190379696873
4.090266419296456 1.8164555648466278
1.4387833427236385 -1.5905625261138863
2.0741931576659534 2.2426193487128967
1.9886880116772563 -1.5179465630343505
-0.6506601230739473 3.513084157744152
0.0650809574069792 1.558370179629686
-1.4232825703518754 2.4923017839653956
0.4347973076708506 0.1338746303288954
1.4380300378209971 -0.6221223201563423
3.5897362064195537 3.802184121477908
0.7609045867112766 3.0187092046490402
1.8830194940161613 3.045854886816
-0.9544073651070171 3.233141500857289
1.9294058402511325 2.5964486739967163
0.4062539313124273 -1.268213332212287
3.654895810623458 1.8285935507311084
0.4264658237937898 -0.4145125412186444
0.1226780702897982 3.758083032872638
3.7145954059972923 2.603910132967023
-1.5755347188192181 1.6304063022157642
1.3085762631004583 -0.4605850038981226
2.4863228910844395 2.3342402887441964
-1.5435139058408052 2.828058933968711
-0.6077919112654114 2.678737901820089
1.7292446458359008 -0.5148634789256155
1.7075000555819804 -1.293599512828036
1.956694754319067 -1.2515448174559316
0.3759026818976982 0.0864397461905093
1.8973790488245845 2.1969271456286648
-1.5023118209735005 1.8109064353443352
-1.2183617183366244 3.6723202429442328
0.9908548906433959 -0.8888377462627022
-1.336243105083062 3.7786660322506487
-1.0584010023417878 1.6051689802931315
2.332701445160421 2.2582635975484733
-1.488137700315422 1.8553804661024267
-1.4293229103502008 2.326002085420793
1.7387491883752595 4.144665418078691
3.1398506632676084 2.7565335049613156
3.0717929926101695 2.8677154027838516
0.627664550448987 0.2495039307897665
2.1426255253274276 -0.4861107416188012
2.534442635035978 3.0511547744140253
-0.9311818531915561 3.794190029993243
-0.8052072679778531 2.5753279314821906
0.6830833505827743 1.5396811021280612
2.533518866431282 2.044451249919234
1.7689177723213034 2.765785398410305
-1.097682980148653 2.222011120920383
1.9334781828678005 0.0132506913722406
1.145557807956028 0.1359956642161281
2.2653198612165024 3.561900965187221
-0.5127552505572603 2.5618325246642724
3.9917912189568883 2.6334655317720816
3.677474836958204 3.4128842523601683
1.8801898486443647 2.4509824015247856
0.8256679999940802 3.015677941325517
1.048552400951836 -1.477195370354568
-0.1804469892981147 2.727741435418519
1.8049826996632246 -1.7592499660174583
2.0083046914707134 -0.0771224752103313
1.1973624308349315 -0.6273139222677795
1.9218694869985018 3.2603091565387627
3.111710621423305 2.4140177307946975
1.2852113594468308 -0.9108415189297505
0.2625694621854601 3.319326920260254
2.6240897295941537 3.4363109091564885
-1.238866006764864 3.8255075548041364
2.6789370307039326 2.9261135033316337
1.8858748612297767 0.2489872356592245
1.746000285074706 4.072177327408745
2.6925323749854186 3.250467640936437
3.027325496213641 2.839364342545067
0.0306137060768188 -1.2584104993146437
0.2695967083789641 0.5040724193594947
0.7174088615524286 -1.5308105967511463
0.7915362673731184 -1.478354015134874
0.2946519741482228 0.5414621789343323
0.8053049724146106 3.675356343518926
1.3233081379464666 0.1874284853730447
-0.5031189614677787 2.448537299144057
-1.4528157948105562 2.532666673120025
3.911318272310818 4.069234266165717
0.8948382668343969 3.7702073598523747
3.7884972975568085 3.187195781593589
0.0670424192009612 2.7892731050083066
4.0987656913915025 2.6875375848588727
1.3172985180076944 -1.7906481542447032
-1.3983027343737122 2.0391292365280624
-1.1758942974784485 3.730318185528057
0.5255541507272496 3.26177455978699
0.5719030688146535 -0.5070149415869805
2.307617144086182 -1.1119783228663749
2.3402474679796796 3.6010818682632495
-1.3495553095200203 1.854776449571544
0.2026903012738844 2.505818046659874
0.117832057465423 0.3292095063581596
1.887512999773913 -0.9870455029380554
0.3897908085674217 -0.4952390538922013
3.1571536224594836 2.832628497547887
-0.4496886913987313 3.627798343446566
0.7303024953292055 -1.7558676384279641
0.499739301135186 3.552517770506837
3.34734265198112 2.9222629267136075
-0.6105282905314339 3.394695244750909
-0.1027326062071872 3.6073882172749197
0.2055266910411281 1.6264036285485621
1.832564071790302 2.8483890324509824
-0.5726527786330694 3.631066975406413
2.1174786771029557 0.3566336590796015
3.1908463666268116 4.154907816475002
1.8274365642521389 4.092701935898556
-0.2073925637276343 2.37954793555745
4.013779332298632 3.2603569539937918
0.6063748664232084 -0.6437533145524723
1.523772122774527 -0.2123070443982649
-1.3717703413072646 1.6162404258909668
0.1067732624960621 3.879619935238658
2.104901249002263 -0.3663387620662267
-0.1741605204396631 1.7531053906662728
-1.1295620240092274 2.8725811265128423
2.233198917019815 -1.0535545209496289
4.00630155987716 4.141398653611696
0.8034756332022175 0.6079702484904973
2.9420035301343916 4.233851850630319
2.9666273123265317 3.096574270173866
1.9465203165324263 3.756199112977582
2.55566599779638 3.6415401518707626
0.4805408512140061 1.8142020423088532
3.946680015816912 4.294169440219075
2.2276360061239457 -1.0555852225136442
0.585009854275101 3.426965483886942
1.8845437132277514 2.466289390186316
-0.356025568459198 3.1481278407497526
0.3033371153764067 0.5710159494427584
-0.5300941239378943 3.457903936627717
1.4906512836150168 -1.7781508925194764
0.0006372207235152 2.516767565816267
2.0917197403251615 -1.6721532557443688
0.2787285065584331 0.5170293438605399
2.074883425318604 3.7424887351032083
-0.8490102577050672 2.9280997091955827
2.470587775054865 2.2630800715336883
1.1512358155683815 0.2784979523494651
-1.155688674122134 3.8608686802237657
0.6767225544592008 -1.7636885587981361
0.1874967874594943 -1.3423007515205434
-0.7537862611394885 1.7484331733983305
1.3661232337911102 -0.3624506592948712
1.3375540307701412 -1.2926106474673158
2.0801735613700587 2.662317949607601
0.4943152611502447 -0.9749502412154738
0.155936378570608 -1.3716259726106454
1.3039210114886286 -1.4563525475430217
3.1184000358681048 2.7879046440909683
2.283412499087658 -1.4821170777889934
2.119439500383328 3.2703190276356233
2.6342605699048174 4.0516100166281115
0.7247684161655304 -1.0435535668634628
0.3775558521760127 2.0316103750448624
3.4821070865913626 2.2548071422056815
-0.2471722164668541 2.7340648305986543
3.9292376216554077 3.3153846098398128
1.8477089868832524 0.287624192758354
0.3039566393605714 0.3310512433465346
0.644846891690665 -1.4628667897594434
2.863557669331747 2.9083702341345985
0.3846815186541638 -0.3118993886767049
0.2358312606600496 1.8547080544384764
0.2139148413872931 3.979317649194481
-1.5132393326599758 1.5990869171519115
1.3979670492205125 -0.2344681942186654
-1.310211093431328 3.718998537872182
2.393347809794912 3.3599719061927678
-0.5736398877939998 3.2947303279431046
1.650544488154904 3.7054127217288158
4.028763432005029 3.60588890152395
2.480571664955779 3.8034302116471386
2.3919417352655907 3.5029463048512506
-0.7927821158090483 3.364334102592641
-1.1767637002113347 2.0356027752385626
2.1802633216030083 2.5263960493131172
1.4958751471597318 0.3837813199205109
2.248036505482958 0.240291595076822
3.478795525263267 2.775821459178608
3.6116417085454855 2.1018404962365698
-0.0677678337569434 1.8462412451281054
2.076622305991666 4.029537560734252
0.673397380665438 1.5574620675991533
0.8258394545847156 3.281467042810039
2.172953041177122 -0.4967392667857191
3.982691495423982 2.0007213182038965
0.0500987809955226 3.977179730278771
1.1619098152490464 -1.2190733458779113
1.8741550219243355 3.8901963541379865
-0.6167329130439859 3.082245349764024
0.0733722959405995 3.472070721221342
1.756195136127012 3.362815907690936
1.2603495149081716 -1.6896623250589486
2.5661483319230767 3.55195073568713
1.4198461276766314 0.4004173576432846
2.320728812446152 3.8785685512359795
2.2829253304593125 0.0421828920255817
2.8244278447143043 4.084708231119662
3.5698925465257174 4.157858472152751
0.4918329486826633 3.3278893453557554
3.3500736198241228 2.4107414070470172
-0.6411849036005806 2.6521238211052642
2.354232888218894 2.319124452961553
0.3237872976573927 1.8437245148052237
1.7825084919078058 2.501062748302736
3.18878778170652 3.3264946583530905
2.392613720405576 0.316135803273538
2.5466502677280234 2.903286356541872
4.055316600462149 2.7661515057328914
-0.4590156876534905 1.9521556676251244
-0.4413863174905117 3.7692423259512604
-0.7859350901943097 2.923431726128484
-0.8308783358651368 3.6111314884331995
3.6189058306132793 3.8086097691106042
0.1983893438821666 -0.4845050589745433
0.0816517379367048 0.0934531699080446
2.6640063388517055 3.3281965333632453
0.1445616540305008 3.702248348843953
3.029928693227958 1.8760704162289814
1.3812434360688723 -0.269749224796917
-0.4358209929629233 3.796506649274937
-1.2138600309822285 2.7572778250401764
0.2997782775837544 2.7353397438308007
-1.3020294449653185 2.873503404887202
1.0982890603412276 0.5362949914198255
3.2590272322837084 2.442304615951297
2.589658540011671 3.1763225174190737
3.853970220538507 2.2549480848793113
0.5976223860544683 -0.4886669089486833
0.7332286541480167 1.956698101070107
1.3683661745055915 0.6908073315845343
-1.0486949055269863 1.917892648221325
2.844980804345248 3.7752600155933305
2.1321377428088177 0.0123679261000267
2.782362857375975 2.5803372103108404
0.0458404831123465 0.0686817046803438
-0.3852427094902516 1.8887437501367064
-0.6265669031921861 1.5242674371946157
0.1859724881115753 -0.6538479035093333
1.4308640525441143 0.0290629054327628
0.797800915715363 3.2047950192092562
1.979564234676917 -0.1086927498093872
-0.6091588602371022 2.2620026969140463
2.1255318582604277 1.8218570265463232
1.5799045864219772 -0.4629589530799234
-1.0647714050828454 3.892692328779099
1.7810047907532405 3.649839583904851
-0.0567940343266925 3.467654498999485
2.2418199337225175 1.987993166611335
-1.184707356091947 1.7128852468018048
1.2332772765965057 -1.1629615018355048
1.1786408595316613 -0.3002962394500754
1.6892666783674442 -0.3924412505480937
3.2433458442091014 3.2586301992778672
2.159137757543229 3.709409294361337
0.8079043768479078 -1.2534016576403415
0.3678084411698362 3.267227736322813
1.470985448723593 -0.8439138114531829
1.6486203181488515 2.081233071347566
0.7797940550133252 -0.5593362169846758
2.930386064038171 1.9171271127509202
0.1459253172956832 2.2016806145661096
-0.9830234262935085 1.9731796559768333
4.069466620658525 3.5201123959073795
1.123065840917052 -0.9704752991609816
-1.1216332575776502 2.956377052553922
0.491391934056077 2.071916871394074
0.5203156608705074 2.3232566244244026
-0.7664325939398747 1.5685279916913728
-0.2624023042517539 2.338351561296114
2.9754284268090347 1.8609433781461666
1.040446434441334 0.3146107796658657
3.5116182606525266 2.487317877105791
2.804130818438756 2.828113635317787
1.22490416618294 -0.5327796575709562
2.907925472729983 4.100504387846347
2.9527638174752804 3.5996345705237176
3.29736922910191 3.849188583949634
0.6019256279967868 0.4832780124464157
0.6564508197053058 2.5494498896921747
3.2744520788139884 4.1224996858161065
2.8080434580059332 3.9555119354529125
-0.7932965434487023 3.1649623445502537
0.7683093646687081 0.134041580032919
3.863908971851786 4.185936045073878
-0.9911813410980586 2.26846549218481
0.4068375767728296 -1.2669123959004511
0.32881358851246 2.1918245611901708
2.189379073354759 1.9955463519676269
1.926061835022275 -0.975851610919058
-0.6998339023596518 2.5645786504555708
2.3438968748434204 -1.0294328852847683
2.071517718723118 2.9112026132076125
2.858006561400634 3.885513665631041
-0.8039529278407745 2.7885413908451686
3.774634548816321 2.4013782436027458
-0.5922871104552542 3.9528240413819336
0.6205170988384627 -0.6021289226310651
-0.3445370026107448 2.218097000036159
1.1183688293671197 -0.5412322056003992
1.1689508167626887 -0.9776209973399397
1.7104178120705853 3.766372535852492
1.854723340059946 0.480750889804614
-0.6569618126775494 1.8224902889762145
0.5689725976842728 -1.27084965026334
3.2446512161432386 3.421394230436185
1.4581311047951262 -1.2250790495470303
0.3896300305799008 3.795532506148192
0.265832362515175 0.4385778355925874
-0.3063691315202162 3.3553830774055777
4.004059961884842 2.5277467781776695
3.108261222819014 3.22502259762743
2.219762758096313 2.416840869410442
2.438260119894173 3.229871377467076
3.741130545536884 2.9401051143414203
1.5103382409354615 -1.191756361685944
1.7431921758724223 -0.031925973323895
-0.5875405492913233 3.908832575422301
-0.3573618384063192 3.510520092971778
2.1068758807340817 3.1974640964340337
-1.1943330852680656 2.3112720100101845
3.276955049039717 1.9941405957971876
1.6147275541394386 -1.1986787153412142
2.209757424743151 0.2665755199558675
1.1786318065240473 0.1209810556039016
2.25259538289552 -1.2035109485096214
2.4212732627594074 1.988562453430338
1.2949296711874163 -1.7010556971648096
-0.1308325783116707 3.4988492187997244
2.297781138406824 2.5978633381714302
2.9449953120381838 4.275947223431754
3.396046786735613 3.746457314600393
0.4727441695449409 2.100700471617031
-0.1453758916156642 2.830973335352201
0.421243995277709 -0.0914126681206049
2.190005411850179 2.8740424642357723
2.1769510719971796 2.701700968095618
3.6228418894580603 2.038903630135677
3.8432938466651163 1.997781861954727
0.2713942865702443 3.5263023103851503
-0.0383439056750795 3.8308472402509186
3.127070740090002 2.5300820549917393
2.7837969952797827 1.8080628239212013
0.540183412342351 1.6731785579953484
0.795157194834274 -1.2236043528013225
3.8976496447220135 3.3382125727516816
1.7944818914299425 1.9575541478255178
-0.6310348636993944 2.1730568600050946
2.0265936988842523 1.9042288392634212
3.24159730226525 3.1886885789422323
0.1862235663734043 2.3898482733038215
0.5477934961688375 0.0264375576542461
1.9397637212896681 2.371975762651421
0.509143777060165 -1.3740038528073917
-1.2662503103221212 1.999526658978079
0.3627556097566213 -0.4721478231664142
0.2509295985054412 2.816984583740456
3.4108492020959424 2.838379540112445
1.8104991740685492 2.0023695282590372
3.9082189854297424 2.490645686952882
2.092776261300043 3.6880220682835487
0.6579687991096645 1.95071351063332
1.6028433409493674 3.659236045279167
3.499601741625788 4.067185469576732
1.2251679029099305 0.4586431231406046
1.8644603654898408 -0.0869543558123045
0.0939926106970115 1.8679197123755888
0.2101919180229365 1.6726798134969114
2.9098383747040737 3.532739093015124
-0.0336924691886417 -1.5411191732893368
3.5988990217201984 2.668526541687014
-0.3741519862341684 2.3820825459040953
1.1789884135202724 0.1298632017580087
2.4721537115150642 4.035275492175587
-0.1234702933628845 3.995012622719356
-0.2188171528564025 2.3299947847753195
2.1316131211882348 -0.1862991908078567
0.7984633469480134 2.9255409024299617
-1.4142324578181693 3.1694174423530983
0.2020282566563669 1.755952432236205
3.123186560855483 3.222653065286268
3.2205254962116467 3.9777715511626663
-1.224157476658127 3.9076113993136077
-0.0247994631288678 0.6817321604424896
1.729941855471876 3.335588656459675
0.3902058035351348 1.801169492571708
0.1726617111232995 -0.190021966026341
3.667149644476142 3.933968113787666
0.2174752503972632 0.5935336381669579
-0.7662356220561549 2.716226476800327
1.0295334536866505 -1.410699174567847
1.7998104508860437 -0.9752983749308094
-1.3167717563133237 3.5732460790741363
3.382917827680629 1.8576293668125543
1.71512430959506 3.327919621377675
3.8213047647350704 3.9314910933755054
0.343699526529575 2.077839022550908
0.3115275991626862 -0.2283220396398359
0.1516170138971195 2.3180630750791407
0.4019410206736487 1.7121186315118757
1.5817435837106022 -0.9326429913172457
-1.4210893058894918 2.7598169548303395
1.4572238652169116 0.1992884224911785
4.032823831692048 3.7392853022622528
1.4773754075234493 -1.7927191860645146
-1.299512277731732 2.836167047354055
0.14970005706272 0.196628011432587
0.9813240778301477 -1.538475727803048
0.6116302328709244 -0.8193404565575414
-0.0598215091297893 1.9034791625184209
-0.1687630256542191 3.1086127547246565
0.2232189716111671 3.57728829756873
2.0328356113833395 3.567132790151464
1.1971853317337793 0.6082814160806879
0.9702401416894834 0.4748585466284487
0.1167807947554993 3.1481978605730294
3.751707983650775 2.458947704260414
2.7797720740712655 3.3765682967062074
4.087494667051885 3.9468448933386386
0.8539803232044154 -0.7667505167944597
3.455398518879156 3.3629866093869096
2.03057143324329 3.8038526628964124
0.3402319131526925 3.7928271045490205
1.9955748061117453 3.605566098032701
2.9044939721008927 2.77442345774449
3.399023762490911 3.651094707123801
-0.9826664067775566 2.9597385600371218
3.0996832732196755 3.443160641146038
1.8587583305556439 0.3422687139714965
1.995152645972427 4.1069065775827385
-0.939256104017537 1.8437527413836972
2.8438443458046656 3.120652960611803
0.0207026625606011 3.067676968160043
-0.6474075282240273 3.241959822332944
-1.487433652248794 3.633277954354146
0.0364131156408719 -1.3864300913730792
1.47700364167834 -0.2196975688953872
3.704921376564116 4.009367559178297
3.9722396708480363 4.281077446295333
2.2798377677179253 0.1201570337500379
2.727215564648806 3.593376024528461
2.2065199698475495 -1.1983683880721516
0.3269674310700261 -0.3448886002442527
1.6151916625189993 -0.8553592253715093
-0.4067528292610785 1.952597413601897
-1.3419301868865354 2.129912771297502
2.6085626246427 3.517739958832569
0.9300142003666203 -1.0141706647398623
-1.348075325493953 1.8525629882679795
-0.3947915319442156 3.4017282960339035
3.1912832954601353 2.2240805894160687
-1.117071483864729 2.676281587443725
0.437707055145717 1.611271540604156
-0.2517071492605351 2.309379509370631
3.195425343643467 3.3176348606208146
-0.0096179274737681 0.2103609355474229
0.8939506921761291 -0.3789163424794336
2.1474380104438935 0.4128613476276346
2.207168183127844 2.741049552174056
1.8682351287281915 3.621670200258853
3.9082315154465426 3.2469322161327705
2.892577023431722 2.9316593217148825
0.103263361434591 -0.1553458354586195
-0.1098372252230118 3.660525529054342
1.6034559390036152 2.319326208618224
0.201892269403466 -0.1183397622583029
3.8168367468523416 4.027427041520443
0.9040693040743579 -1.6271144992897133
-0.5517404012282868 3.007062849918854
0.9570292100779735 0.3870787875695775
1.2326072404603081 -1.3847494935661766
1.6242379865182854 3.9292480568731785
0.1315070986311359 -0.0177789951591615
4.053210569076138 2.8770893432891027
-0.0746354537601189 2.073393136949727
-1.1009845406120753 1.9631223773716717
3.305228558921269 4.078182909014779
-0.9390510167823455 1.718097309367585
0.2111238613591495 0.1370048563791638
0.6276797055920945 -1.2675372011509576
0.3752106432768571 -1.2305919505170773
-1.1707954821368183 1.9608075164262344
0.7573955196424325 -0.3557441931969153
0.2732062194806861 2.829152968413502
1.7711459448613536 3.5793782395474976
2.227449016983038 3.5350533577100434
-1.484634635586316 2.1644843127292916
-0.7447145706161952 3.4090885246248845
0.2831151832237576 2.872507604645727
-1.428109656718428 3.4653774472731658
4.085821690690717 2.5970481754161674
3.721108074019572 2.052420549402192
-1.0200124098125938 2.225829664557358
0.0067535356259892 -0.3620858725709169
-0.7817549598395807 3.8724466592993547
3.124164280113168 4.282825255448217
3.100385683445975 2.944832368832897
3.1607768141861565 2.033909542688931
3.6042967911460653 2.6019530422583057
2.165689874507251 -1.4395332834949293
0.4453124397624073 -1.6226731379717754
0.2652656987850175 3.779146569340665
0.3398926449669202 2.9884133613381283
0.0085748652876197 1.7057206231844648
2.026442691820212 -1.404059811920713
3.0645387219445293 2.7956644083743205
2.061693561456024 2.709074823753042
0.0110470629467753 -0.1144270481604776
-0.578243057146864 2.5210697105880118
1.7975267400057298 3.12113105291478
2.3306908318036084 3.2438394784701665
0.5245998007234391 0.4227190562287038
1.482389746932333 0.2904796226718909
2.2558754606424567 -0.0179666469144155
3.2794555438169692 2.929874185839376
3.2481481028878543 3.4388706198768695
-1.1511993122584032 3.2587104086210736
0.9981201361741489 0.6087515463868524
0.8599175463755979 3.523866840093911
0.6589260564602566 0.6151507079719842
-1.5230859897416666 2.7474023494929685
1.7296435793013216 3.19347087541188
0.4420799268104532 3.53015848894071
2.955844382273013 3.6772668358570018
-0.2138400370821052 3.6091251039178394
-0.2199932482004347 2.279851511372238
-1.1399954677468949 2.7994907462084084
2.7802883187497174 2.9618622813129836
0.3396099838295587 -1.1431489293010682
2.204192912305414 2.382595748372716
2.269053561500959 2.2649810695619674
0.4221321967481104 2.7386529459964275
0.778589882371462 -0.9506377617793232
-1.599424389004461 2.447759142670437
3.7233803125275706 3.2231689489147466
2.1049044588732917 2.5760294234510437
2.2328940699156283 2.8553197898723752
0.333825958308787 1.5313524860663073
2.2151840342273825 0.2810491177361205
0.9023052060556519 -0.625625872417945
-1.0167005339438426 2.0979710954212414
4.077427597195954 2.8871001169577863
2.642356995769222 3.960065347168159
-0.4504531305292629 2.4973471831523084
3.4981855534581423 2.604646850687355
2.858702352198593 2.78084475583249
2.0915816177098026 3.793938711786086
2.0381613428001066 0.6519813099039486
0.7828279823687103 -0.3312230092016605
0.3472488850432508 -0.6517807441606625
1.521570426996089 -1.2400681432188783
2.2588448606221885 -0.2443910562069877
3.8718788047626256 4.25133904922387
0.0328579737268769 -0.507201879281283
0.2715596894944517 3.4858040307684393
2.571294607745462 2.4192184759958204
0.4709715208756823 0.1729059357858546
2.7517610713375626 2.0709766269218948
-0.44567849728141 3.622400608965757
-0.6426784417793047 2.7336521619664724
4.057773111767587 3.805663260871888
1.8123728005557038 3.7379485013921454
-0.856153184632153 3.5193289929845606
2.0633108144509076 4.003624475835799
2.7970956812474816 2.8163838410852255
-1.4955566909593214 2.0672153695270765
1.7516155416022756 3.3001401868462383
-1.0904205758422345 2.4219870847626894
2.083255969083085 3.492064348610333
1.1944844947729758 -0.9867658774982642
4.075385451545269 3.4620970905568464
0.3792846502060286 3.7128922055442675
1.5397538053647024 -1.0430962232957042
0.8565238984322096 -1.371092862076083
4.084572318457789 2.035398642139911
1.831878955494203 0.3543156923559467
-0.3417883049159547 2.124325759229676
-1.221015122709202 2.0554118704839373
-0.8312521233079139 3.225977262366241
-1.2417092925449769 2.9166265748137152
0.8368805075684294 2.6565874174642325
1.8902091228526654 4.247848597354049
-0.7638792410555844 2.334184983216322
0.4325496693385224 0.2341532648286177
3.699354373519239 2.552117591249906
0.8272361604494824 2.0936609921593314
1.851169060137344 3.3598669399014995
1.6243689706294016 2.587867205238041
3.6221866491015775 2.992108987421293
2.468643406136207 1.8989464938725384
2.254059741870708 -0.6935343873835897
-1.2156004163612713 2.9237388252670606
2.2611257918268564 1.9738240023381015
0.6128451176594742 2.5471045358257207
1.8057753008867203 -1.6611480015917095
-0.3952507724725741 1.9669085593528488
-0.2607118690599859 3.985074741522077
3.2156213907666777 2.3127771479924215
2.648363020909821 3.3532938400287273
3.8004711398567785 1.9461287849096107
3.820535394053609 2.2403981747134374
0.2593214967592098 3.3555743966824014
0.4773115876381432 -1.7914184583420645
2.222060974627838 0.6944252914083011
2.306006346467249 -1.708889327448354
-0.0333348463941739 3.0733138210529454
2.2264048160657834 3.4046800088398927
1.6290662815406833 1.8460646440189157
1.7508299011406598 -1.6189062952613387
-1.113672377756464 2.606017350602329
-0.0980273867124353 2.097093776435622
0.7060041966441032 0.5228888660374659
2.8664114253859947 3.777264571309335
1.278413509943546 -0.8658421011165311
1.2919873824061534 -1.7205919855832188
1.7926716892971084 1.8250422381284774
-0.906335956460181 3.395080392006114
0.0856346921099361 0.2729046359821575
0.8712178534556233 -0.2200058462391088
0.0047541197593684 1.5035493518924727
-0.3091696281670962 3.8743825622189063
3.5576202309456053 3.4689904226560055
0.583875153084686 0.1448160215042744
-1.3961104416282113 1.5223660090445477
-0.8515003953267269 2.7751798833511963
3.9381182439889413 4.220453937968929
3.1987320062635756 3.739954720075663
-0.9058010070734434 2.417793502551447
0.0154774191552962 -1.2575729539964025
-0.6784897013182992 2.995905686158337
3.7475933634056857 3.09922181999404
2.807350832489079 2.201344291898534
0.442518612198145 2.15756653149924
-0.1132166543421591 3.4910891876853376
0.1212465749987902 -1.2863214297875007
2.1034772176769345 4.039338077472037
3.943742282765364 2.9197412127404596
0.7488690396239623 3.437626247018951
-0.2856409693130345 2.9835153238861274
1.6024943727586933 -1.711496572587545
-0.0870409442785576 3.589136349973162
-0.5780010316677493 1.6914729999037856
1.7111683965903086 -0.834247909837163
2.0853128087197708 0.685163659316672
-0.2114118564924648 3.6027412685365716
0.2583564566640088 0.4091187331693505
0.6713418135154621 0.2997209807829562
-0.8037232550240443 2.685384784000507
1.0754835842153536 -0.1951726539452742
2.031159229740055 3.140347082396222
0.1692653155615185 -1.407582478113114
-0.9240216290325096 2.6317348845152067
-1.1521310850594577 3.317383060985617
1.3890078590230202 -0.8728401925945826
0.8537178926950624 1.762350417807742
0.890771248231351 0.4529548391438413
2.8803428411996506 3.3911093603631732
1.8038878407338899 -1.0887610725316197
0.0692974042062836 3.9570846895762246
4.081717638473367 4.121986774480492
-1.5774563525397847 1.5160126456346066
3.9982171816314054 4.2868550370372
0.2546796674159323 -0.1322902633048169
3.0727010467588998 2.818462096178611
2.1160761663895733 3.753133428568756
-0.5426515551725478 3.673242217730519
-1.4894632921436282 2.118595135762576
3.240531187228568 2.0958127341266106
3.1139168953530927 3.3276799540805846
-0.3200846340717345 3.933410389046462
0.5363482835442965 -1.23357505954253
1.7047352489148666 -1.0715026915068242
-0.5007905365236901 3.244187741646348
2.806477106537295 4.113252579272247
2.2968973597957927 3.519357226030597
-0.9959012586345525 2.802765920978039
1.8233400917972202 -1.1323116207521473
2.071017148478292 -1.6452289665729902
-0.323698879424357 2.600247375194976
-0.630687006663671 1.5891468339664077
1.8252714870486766 2.9699347872888855
3.8985684474149886 4.255853560786073
0.9330686622882356 -1.0698644907513355
1.98428402132468 4.228467841377325
2.3582444726385092 2.871120254007694
0.94509267704128 -0.4499544476243716
-0.4655162876032793 3.437330791746629
0.6037632625640746 2.1198095084307305
-0.0987639911533549 3.595741291730152
2.0224354861485905 2.9979841464841672
0.9570222572300545 0.5353259959109674
-1.4304863853354528 2.8383143178976695
-0.0343778415883234 -1.415873791968826
0.5191975893807168 -0.0247703989170625
3.120844150543713 3.4094314399690586
0.3804322850580291 -1.4126262308540778
3.2110721452404354 3.307826980018487
2.6361097164866703 4.002672480374439
0.763115751534988 2.929043452016275
3.5216193398845332 2.700985158532569
-0.3422010766872264 2.0611000671613477
2.0891863838611524 3.116954725764414
-1.3360185047248057 3.819344511205112
-0.4977138854027143 3.4911948254523257
2.1392140839033793 -1.32934051226135
-0.7129262113325767 2.789345959406792
-1.0857630314113875 2.9432104975795963
-1.4013665043777896 2.0157233617333725
0.1385222877720227 3.3947832775582376
-0.7817000202733321 2.201679464399356
3.2125607849801954 4.281747081495304
3.6647848716221554 3.161768297631831
0.3026649043510628 3.190642957847873
-0.9430797189666612 3.2972307253747526
0.8078338685851073 -1.28306760217977
1.9537209239690252 3.143097859545538
1.853231178840537 2.1941995196749025
0.709490076846085 -0.1130901654671601
0.2366376085854087 -1.3768358284975215
0.8034929440265908 3.2072814305645694
-0.408120060507481 2.824225798085701
0.1641445736143908 1.721271189753424
-1.226449619965581 2.9120441783274758
1.1046044141573783 -0.5510297747278367
1.8061115974303765 0.3411595229257764
3.066967985009925 3.3059275126590553
1.7283269956764058 3.184379282021786
2.540301716017443 2.058947862313146
1.9689685829842587 3.2824719082511993
0.0703061579583335 1.68813536793886
-0.7098792599323595 2.1630306946185334
-0.5081726840704263 1.787605956673792
1.7346805395083755 0.094261553611209
-0.485277491394608 2.8835875907983315
1.913592362882952 1.8205076996316736
3.6367780823782088 2.183629922185901
-0.2174187550369119 3.2418514047041307
-0.0807088768758133 0.611568081598127
-1.330636984980601 1.6140125170704287
2.617104309203816 3.280358152933036
-0.2550997710900281 2.9045239667601095
0.133304058400755 -1.7885422235153903
2.4666157708168583 2.104566067387064
1.4635597973178882 0.4643452528193527
0.1290076750096025 -0.123271304911209
-1.5748784588379598 2.44852644402902
0.1370658036802998 2.053509380860386
3.77396970251885 2.3066036866963464
-0.9406211594940281 1.5822181704365659
2.4909432397044196 3.816950574494137
0.1930771550851328 -0.7115889597678801
1.6514775116540956 4.245055214465099
1.284763437050528 -0.0888548526355552
2.3638467736402853 4.2739858919449425
0.6536929320293361 -1.379923059802579
-0.3309123814444464 1.7226914468387018
2.476057408637574 3.6354546060313178
3.0675102874200717 3.2840929128863405
0.8884698314931915 0.5634797984792457
-1.2068953390249773 1.6864258865025785
-0.9719668033726088 3.518024126199448
-0.7454016952251967 3.993560348012
3.851897264803145 4.026028138162406
2.7356682408829722 2.314183746406597
3.601613013713876 1.9500634272111237
2.0464998888613835 -1.6597872982366937
-0.3848370306706752 2.7181782018401455
2.2663296572231704 3.554398542345733
3.4805135126763305 3.495578207944407
2.983415057260717 2.0076138746748136
1.6906006036373669 2.6120673109021735
-1.4005046281439175 2.7048190389866362
-1.4738054352827437 3.169860378391699
-0.2190968780331105 3.7877810896460047
-0.4897736741300794 3.3325170164553337
-0.9235330079052738 3.974414493558771
-0.0379385535410903 1.9245708809638193
0.1323465589203319 -1.4876059698612876
2.259797349493075 0.3696132638449863
-0.9771487790881118 2.469337005401148
1.2091793843296426 -0.7148805071557592
2.068831094324602 2.2608269072141427
1.6526458479434651 4.170998585838657
2.1617444521412965 4.0040299714002705
3.0158783029569394 3.874616550546878
0.0654542054770657 1.8248197109569522
2.5475331471640335 2.925948099161086
1.5196422767455535 -1.7317285171432646
3.5284473991275025 2.615408503591965
0.4881040256285529 -0.3130330972986104
0.6508206820622146 -1.6851727462524966
2.2243681517317047 -1.5087660849855766
1.5095624041955427 0.6968491473039985
2.1940456519634837 -1.346836445464289
0.3480446727272944 2.950141828128199
3.867848998499292 4.26385562650745
0.8764909744409847 2.583762624587949
-1.090692235733069 1.7068720736943774
3.07225881430059 3.4499041789167832
-0.8476919388734979 1.6012442734249637
-0.5826540883335481 3.065409485688431
0.2590363969330568 -0.4772191430759706
2.4065142556502908 3.084265517520731
1.877931338849881 1.8803213564985468
2.234827766208745 -0.0208870786636527
1.7951926196865176 -0.7980335102380826
3.564682338347813 3.4337763071566556
2.617386665754575 2.74790103878345
3.3436261236440394 2.3603461734330597
0.7523132602171959 -1.388136953208162
2.4433792231804605 3.8438354666139722
-1.0989318940333228 1.9633752673060336
3.627494403976071 2.1157992607514613
2.8210750317305453 1.9891847383841332
1.8910266700805716 0.6309810110871458
-1.4156145521481867 2.0164555222169285
2.9388593664380065 2.347331507952014
0.6661056253485954 2.7418187321005356
0.7995825833607076 -0.175490880359274
3.289993143591004 3.420153224128527
1.9786098273242934 3.6280325415226975
-1.3486850043442489 3.3923600458040393
1.7342117916162876 0.4357513454063876
1.8405308480041298 2.904139320996739
1.9599621706097732 -0.4626045281155702
0.4602418735935037 0.6645534869756194
1.8956492357820718 -1.4530435607611818
-1.3347491133636515 1.8326520233698655
-0.6703354984992345 1.570305386455908
-1.4840292320191053 2.3400476045617875
0.0918530848038331 0.0516443426313098
2.370936309692976 -0.2234916907367604
0.685533939952711 3.720220227248085
3.2099466634659186 2.8408752050016375
0.4081455121641664 3.2988312530392623
-1.5253225334288523 3.526371518937822
2.235416825204331 3.478928900586832
0.4465808611580605 0.5377472334357505
2.418622590890119 2.908627477867643
-1.2274884807742923 3.624103224319083
3.417111408468466 1.962187584042852
2.3395607442580255 -0.0346195013169103
0.53605637796035 3.605349814961405
-0.2466023803437366 3.1778857411665604
3.333456362505554 3.8284223225550673
-0.6521878583368304 2.742774093620663
-0.1449592754819791 3.9817288121691674
2.375254249168158 3.683108879043943
3.8622841628473155 4.127574020053778
-0.0526659136738796 -1.5870661365675358
1.7296309186340078 -0.8779341492207638
0.1490930827877808 0.4806398173387732
0.1898191946683449 0.329649503207064
0.4706964701651796 -0.5129345201725822
2.722279289241303 3.4503990732073024
2.410843609326493 2.836366470394301
3.018048162093209 2.629040483651378
-0.3267381649440502 1.9797904316907908
0.5261611526294157 -1.0159005007270816
0.8185992952154225 1.9603289553918604
1.6817347839569243 2.408773490362155
1.0375135061878016 -0.6772194037727038
1.4145313492960534 0.0959323555200265
-0.9990717360250164 2.2133661787557375
0.3183478907714968 3.0238803294884047
-0.6769388514622823 3.9881807891486627
0.1724341190430262 3.2578916678739636
-1.2348406116890212 2.8363621511788044
0.8621854261130153 3.9086354199616795
2.1980895365043502 -0.6717785878572042
0.483758377338399 0.3870030049637581
0.0495881997183407 2.376205839156726
1.2056117201811027 -0.7107135186197554
2.2028957093513855 3.176201752222226
-0.9986465252892113 3.3250922406026766
2.294501042972737 -1.3291635332646798
1.5639891179856444 -1.0680199742476402
0.2366178245855593 3.703418103138993
0.0112277317985676 2.515622626230285
-0.0551274908120485 -0.4440769541338151
0.2782764211412127 3.238811578401921
1.794070545582948 -0.9109734961078062
2.3683570962240474 0.3636134398741118
2.380331766798813 -0.108961372619259
0.1042688005078406 3.1656510281522277
-0.5076345031929251 1.9814831690314507
2.229226603057488 3.7825310548720887
-0.2540634575875683 1.6055104974828187
2.4453085274611355 3.886229173017921
1.5462348256175735 -1.602410980841072
3.53414591810249 3.886027525229784
1.3853017105898404 -1.5999752730589178
-0.5361344479000791 1.86246564489865
1.7604681240770137 -0.470538885062827
0.0692995232244218 -1.6369295681784006
-1.421426033298173 3.1220770205407664
2.642694489850135 4.258285679739172
3.608051093672231 3.6204095858879275
2.548373883181679 2.790229623943889
0.9898797647078093 -0.7324425491372795
0.5340966548980399 -1.6519555109996829
0.8739705475206409 1.886502840726802
0.0531172847458222 1.6683383063001362
-1.446080477590002 1.8729932916087748
3.738268390774674 2.6731298276048747
4.049312610232172 3.4309707520006327
0.1966158954626572 1.5587203431490402
0.1792995990153571 -1.0693890965607786
-1.0602012217900927 1.5447794459596937
0.8006465531830578 -0.5384351846691965
3.5801528140434025 3.1553734225408694
2.4994332869099014 3.7760020001437993
2.0137803134698786 -1.3680767087579544
-1.5984039306053166 3.036995895383099
1.8947651342403888 -0.9625677325149145
2.297278463897286 2.9963816029474333
0.7648524913992057 0.6347579013972595
-0.0622288999265949 -0.5341779287991384
-0.5115550345510091 2.1729440615320557
-0.4854806467284477 2.2668962196328475
3.2192239008324224 2.8157936013525666
-0.767146442882776 3.1996746123752136
1.6289563243058578 1.8010685410268086
-0.8362901242257031 3.9505740998130516
4.060466956038553 2.2231170822516275
3.977426548294267 2.2507022424361973
2.631382388906328 2.876367378423764
2.108921851196172 -0.1975581169777849
1.6072838750599572 2.054034959690542
-0.9742036054990508 2.1624389032353633
-0.7039309443276008 2.0473516951218342
0.2450047451206502 2.0200075652439557
1.8934879005119596 3.512106103686572
1.0142670284077115 0.2237437435486528
3.284666279948028 2.0661031558450773
1.4078586768264532 0.5194920052544872
2.537471568142077 3.6050531238325605
0.5016455117884634 2.536151362343129
1.8090367295231928 2.163110779202341
0.4793320636666847 -0.1489284342616617
3.944333815835536 2.119871420217612
0.270608056432329 2.860671321174396
-1.4810623342633813 2.5749761795467263
-0.264771644029023 3.4837146188666215
0.3444627270595661 0.466119887935009
0.8236463125689698 0.1331638917013722
-0.5699498812447729 3.5762169681266633
0.6461106712753755 1.925216063547633
0.3724886843786005 0.6053566607354149
1.1937281165566762 0.1126218686332912
1.947291185390561 0.1460905662320237
1.3719394412098067 0.3723584519875433
-1.3135017724457287 3.81175139943816
2.1615363447657727 4.29295439162276
2.3509134437844894 3.8807204393875936
0.1395472412867732 -0.1170975264581781
0.3255415394435778 3.3699801146505437
-1.043636967127008 3.4115575078373674
0.4643656953290215 2.308706155390844
1.290347702356998 0.0633449200997742
3.6973564358236994 2.0090989293577817
2.2955003704196346 3.7151851180557016
0.29528759882651 1.5379865244626632
0.884320488130357 0.6078076798853174
2.8004631166556724 3.2569741146461477
2.175111086573889 -1.221161893921567
1.8483636413213747 0.5760373601367853
0.200579361057264 -1.5830956122421516
0.6806996626508386 -0.3548414239486277
-1.5015937113874196 1.7429846949425194
1.8724063859554405 -0.5260026977880625
3.318301203796746 3.6787722170502586
2.1370774282403318 3.2933998535228404
2.18150664213876 3.384408306938307
2.561395332460627 2.8811421286892713
2.0277740801618913 2.4572736523218373
1.9976898142219133 0.580956275862324
-1.2709592352016983 2.195550144768444
0.7102777687539773 1.7571040947936205
-0.7935317337271574 3.87945978377162
3.2471646299730765 2.4448849329928044
2.246671956571381 3.1695440207886225
0.2781327740418758 2.61684222356314
0.7987183258214567 -1.2071161666426733
0.7548020856926797 -1.4185307680670105
2.396336612287556 1.9881626064705056
-0.6845312396112854 2.629495717739409
1.7451737591588252 0.2806825834421499
0.2738521714659058 0.4459595550756033
0.5659789298805759 1.90351753842271
2.7980365683833988 2.446821680392767
1.421759256035946 -0.4437539186278083
2.9044050519854254 2.032934094178633
1.0317075760970593 -1.314190867469072
3.8539658995546664 3.0503536867710284
-0.1997495517424887 2.7713963987120396
3.31122700441803 3.4815170436475107
-1.5539804087981306 1.5326374273210206
2.2738004604763526 0.0366636086861036
0.1932888045046334 -0.0600862645535828
-1.132612913450582 3.979432213192987
3.881778553301496 2.3135562421558946
3.622406844016782 2.5845476662591667
1.9726175782788753 0.6549646889539114
2.5484203471418483 3.3427873889146915
3.65681230010139 3.646530025878937
1.9086387068423425 -0.9036369060276745
2.2485922545616197 -1.6757323426511854
0.1381029396569437 0.6082405193676338
1.6810083787361818 4.210168831951075
3.354248177331158 2.949105283444172
3.1259884260267006 3.5986896607320302
-0.3375794424285784 3.560578995140562
-0.1611728489196784 3.8027269545700197
2.5518543595886234 2.38556875350974
0.7255145619418703 3.059866672746211
2.3452873998979706 3.3820765623238205
-1.3697830064458234 2.1696969225065046
0.2517135677586448 -1.7629579267985127
0.3378787130132341 -1.4194204127798478
1.5456906993335866 -1.2085135466157668
1.078412090641438 -1.4657492101940608
2.358715336443684 -0.4241255827996273
0.0368249847201267 0.0783294259890613
2.70666638565119 2.812837234657242
0.0261594809592832 1.8301750810689053
0.8248353133858944 1.569758587771198
2.356855841560356 -1.4240592073428764
-0.2068933282760766 1.7151644775485162
0.6972401787068288 0.4650648979547851
0.4467001143132673 0.2330281361922357
3.2337219937010606 2.4956054975990063
0.2949801264525064 -0.3944304994748674
4.0703814675997485 2.4081073446994172
1.887898746964796 -0.058543587675307
0.5345180928698707 3.879190519843045
0.4882088299087234 1.9093675386814728
-0.3228734346478607 1.9762105561934047
0.4884082713514057 0.0868762269822619
2.229632197375846 -1.0527562748346644
-0.1275015059072794 3.8947560410676854
-1.0488861379641883 3.6775701421042775
2.28761865966262 3.9490052693557334
0.2111761133036642 2.2844837473742197
-0.1582199538682037 3.797288359599002
2.4840441900245263 4.015656279552722
3.035513756110069 2.400755690677013
0.347738319385905 0.5082060352835962
2.1934278524220368 -1.5002205261239514
0.7804468033895783 -0.5769824604487768
3.6936860108313043 3.041138218219389
-0.4269557064981293 3.6512074107066743
-0.9779368964401866 3.594929529098316
0.7425563857446396 2.8808875317019953
0.1520815106332405 3.132357610180906
1.8041270454325273 -1.6577240816684937
0.7737716022223474 -1.5471090394692701
-0.9382319969949978 3.3706792445086013
1.0226394855926375 0.5312370659057286
0.2474302404949697 2.2938828434174283
-0.1016231480463053 1.5516856028107169
1.0018288384981335 -0.5147196116266697
0.483036447216865 -0.9758607492673815
0.9323880272598061 0.5391072818645002
-1.0091422880316359 1.8827835405422617
0.5264694552433918 3.3496333135685497
1.7054656889231397 2.7554646292050347
0.3909888828513402 2.120673299816618
3.9261760022023604 3.3479651762503253
2.1360692711793385 2.6846424361218943
1.4496648948296784 0.3339924860938374
-0.4601033128692689 2.8592511482297485
0.6128375152763398 3.4248934307908243
1.9164859002046897 -1.273201947423241
1.3714875944403648 0.3147243650287098
1.8564368834710432 -0.004285783081701
-0.8709191451249625 2.16941409305958
3.1454032549306388 2.879262527106672
0.3848928342664271 2.1896027699156053
3.8402907773283483 1.8156251417970495
-0.4511845004967913 3.6199684237887113
1.677695499834614 3.891398458264701
1.8454142686422195 3.5220246375501416
1.144398169758715 -0.3669018528234195
-0.4575636153429512 1.6184297209976077
3.318900183614365 2.7933514053757458
3.3936487962414863 2.591905855255981
4.098709113219638 3.700730521220038
3.4301349573645967 1.9761518239678166
1.780222497807151 2.810203620766514
1.7665944329411762 2.8186203711288487
-0.0776385210781629 2.1082618742994694
2.601147538783825 2.5580900111393823
-0.8975454547506388 1.8989398134707722
-0.4449237281172937 1.5187717809043915
3.5992411709169483 2.113795694879486
2.3997528677562805 3.9192376476625896
2.1014551638899617 -1.3371587056135863
2.370151376437064 2.3215228534264414
2.0591513204370715 -0.6043082062419323
1.1397259975200607 -1.488586466776325
2.047880880300626 3.806874935327304
1.7856816526457566 2.2462632606895214
-0.4198092568237429 2.8953743546738875
-0.0367107913617764 0.1396916322937076
3.106073378718644 3.0103511373725844
0.385640403829253 0.5674988032206773
1.4961289167168739 0.1412526804965191
2.1336589095425325 3.3079400906892253
-0.1559677108896399 3.5952493437709525
3.2914153163948465 2.3277745284899134
0.5204579367095999 3.2970826490671823
1.8048806697931723 2.755332843204257
1.012698748291488 -1.380134844252635
0.8923331996566769 2.483069889029937
2.560651470821411 2.0421312724788616
1.8758046138776605 4.033630168921024
2.1115146331831594 2.506366966835489
0.3387921590675762 -0.547808780599532
-0.6288057509647013 2.1886927367516247
2.0555085131708757 0.476186229991113
1.5918392306368112 -0.0043824399101262
2.060679247330389 2.829687608449734
3.906805900859986 1.888485316645729
3.195658885706289 4.124421167359644
2.8425519804354535 2.8558024389111996
-0.0081318469006498 0.5317367663858403
1.5549778554182614 -1.6325741336694712
0.1867174677572375 2.3990525449474775
-0.7721123778485894 3.0122234420244065
0.5894745667374589 -0.7114308632001017
2.339718210773377 2.2078436552385394
-0.0710540777839903 3.095252410450267
-0.3258319584156071 3.423304068624941
-0.7310878650873026 1.623713558575557
1.6842503943649971 -1.7027074843347179
0.9393841206975181 0.0331637274144204
0.3526223707211624 3.2848731600392562
2.7797712900555878 3.1877713566485997
1.67666628153509 4.199466245245883
-0.3304154712420398 1.5783629573636564
0.1325056247146104 -0.6467132871528979
0.6785577233868682 -1.2083525708104343
0.7425939672739682 2.4443595217530185
1.5037704557192497 -0.2899863760440289
0.6082868849332441 -0.4813164078001293
0.1846432086053173 -1.1991534892442206
2.825639136775361 1.8254583787613492
-0.7144819824842399 2.803197547567292
-1.1081894780796344 1.9707463637325215
-0.2846997483681694 2.4988364553503266
4.082845896606105 2.796116340571826
1.8875749408130584 2.7130217934800633
1.4817035551575275 -0.7154157721686695
-1.1385474312320094 3.459458606754278
1.9406952996772953 3.941348716781438
2.395766162741669 3.5091457071983543
3.8581608925542223 4.271460288415336
-0.3723606876533743 3.53228045783898
-1.2222842521252526 1.6289916479414892
-1.562342922870659 1.8210456810328508
1.4779441858822588 0.128121603379668
0.2464700191952268 2.890006514783486
3.85904874366062 3.273528033781018
-1.2456303662842065 1.7024051457263696
-0.3530051856484556 2.906988866403991
-0.9361070981897142 3.1471111766006743
-1.1248437489340044 3.8522493043050146
0.2968228799799437 3.0611303300353634
3.2273904539450777 3.1232313540871957
1.7364400421219686 -1.292147018329286
0.8250102108194936 3.802501719232519
-0.1439111645761073 2.7470205674512993
1.8385722020781259 4.100792141480977
0.0062175661855263 2.186432934127467
3.1279111648639253 2.7497485482276525
0.2232814855516111 -1.5811520362390628
2.8532571889701215 2.2298451563813777
0.4710312877056997 -1.157671425075285
0.1152423988638191 2.362017572949973
1.8580689618396689 -1.5878144661830913
0.5707309260076262 3.4650406075169333
0.1192732961056256 2.5751982320014184
3.6004795514920445 2.900674089117148
0.1009416956518232 0.6639166481126777
1.651436461410796 3.941533776523586
3.281566671405434 2.540943106391463
3.062407315865177 2.8729394916439044
4.01321396138636 3.0161561315925316
-0.897308340594872 2.621095745372063
-0.1620155817212838 3.6315056977545512
2.933230102375372 4.0535061099611225
-1.3220533702787602 2.3230087540046336
-1.095078120393316 3.2630934879220073
0.3321263099147285 3.010587323432698
4.041699248997991 2.088967225727406
-0.2207885197660586 1.9893935894292396
3.9326229064521097 1.9700229156766114
0.0130672879295545 2.282294188500367
0.0853772768621308 3.76699732051072
3.5443425616481004 3.8922974904514644
0.8573896288328438 0.0515140360216723
-0.8592299870314011 1.507353704672989
0.3989794286067352 3.4910620850296485
0.3840401800636992 -1.5785201889476015
-1.1788181476221518 2.307005027364818
-0.0955389586604127 -1.734795782878164
1.1431758179438567 -0.8479093720094661
-0.3293752341515339 3.2304478062207616
-0.0252186069644353 -0.0941697953263292
3.920246619233902 2.6986541133615627
1.4644690360643309 -1.0863028777779826
3.0808512984395775 3.200748521358392
1.907369269125255 2.1226200218539777
1.1241184956971155 0.6648759706952958
2.781442518836457 3.968061826726829
-1.034448919254722 2.043874527528347
1.1193023473085135 -0.6060641064685073
2.2478915188512807 3.316128558871604
0.535599385520588 -1.4395750593926786
2.1074527417621423 2.780049529509162
3.821750410488902 1.8017098551676423
1.2087043949323633 0.3954809023257655
2.0031572625783296 1.9678332722287286
3.2147011772954457 2.0271562555333524
-1.1029747937452603 1.8218278826348828
3.5900096828689665 2.227239754011235
0.1270726780301438 0.1461887266908678
0.3222962703413318 -1.267219598589601
3.7276601424902154 4.085650363984845
1.0555902141789335 0.2439998830086056
0.4608110058004683 3.077044622915333
1.8123651747673795 0.2195195745669234
-1.026182787390076 2.1692223502557906
2.006093499800083 3.5245160200763705
1.681761992441968 2.111188972734787
0.8960657815830493 2.443528479135147
-0.6214329000987374 2.9598467462693434
3.6994147807150712 3.875303619476057
2.5597532085969132 4.148415723755868
-0.263330083358837 2.4378077883648377
-0.9683421684744273 1.7116636598097659
3.336482194492092 2.8965692980901223
-0.1326914632137576 2.485509405124306
0.7427470051470814 3.488302979425819
0.5610989821467108 -1.5112163829666736
2.124176498631001 3.7786401025927026
2.9461319879847294 2.4963086595668242
0.1774789982439831 2.59419658932115
-1.3049844116348448 3.203473237233798
1.7051922864460458 0.1377285853657292
2.6873323850168185 2.4342980148559676
2.67719450741619 3.246174852023182
1.953613367286798 -0.7473422895131359
-0.5937525212807025 2.5223707023401727
2.992334755986816 3.5712044647983054
-0.4219279004439018 3.771209745449754
0.6161687251569468 2.6931736295299014
2.1543052687413384 2.5075550922887015
0.8202951979138992 -0.6013475905619324
1.1940141245724571 -0.6803408330247364
-0.769071370885321 3.458847402621263
2.2947981166088383 2.8881985210080305
2.9871343099236323 2.6394098381184263
3.3860030724597676 4.0322263920917205
1.7691017404300498 2.590756685256717
1.0648285692275516 -0.2585909981284896
-0.4013905256938191 2.0697192078174833
2.9811542704124916 3.8270076130825923
-1.3457259041358258 1.9401801470371631
2.243392064536588 -1.5333949899481525
-0.9910816284405382 2.8417392052131776
1.9009155669730018 3.154964747324956
0.8950453058910552 2.1108086001006474
1.9821823556570024 3.870611193748678
-1.260833541621748 2.6611892710499463
2.012732858550428 2.5014883062873112
0.3660011283231189 -0.7403606504129894
2.816793823512606 4.183534477507624
3.363159406796823 2.8359763337514043
-0.9319516886286529 3.2483245504831615
3.8972710994794912 3.0462110879615807
2.472249767464165 4.035923805544676
0.5507898046704541 0.5977541586480448
2.843094071003109 4.213932619639648
0.467893627508342 3.0822981397382367
3.7009062950591782 2.7666898402061046
0.8507873413622501 -0.297442305500395
2.2301369380699896 3.9555204401153823
2.5014133771952873 4.201945628049235
-0.7683493765986632 1.9752705839963065
-0.5191951375172507 2.371439161163543
4.0295396325091595 2.9327741963594587
1.7185098583374585 4.299557689717158
0.1750145325168096 2.9310322045682886
-1.2004454448481343 2.492484948552241
1.7862835084025341 -0.9793668151091485
1.4095472869431096 0.6548885962047699
2.226679998086996 2.7862879652066774
-1.0454087768707108 1.689797305388146
-1.2043798731178443 3.8060995666381308
-1.0475154836938831 1.6246286286737939
-0.2106569309835566 1.6163440641276337
0.7043580104639525 -0.9583734080545098
-1.4547537378657307 3.012406138697503
2.514974484575901 3.5099957036116503
3.249923979338016 4.204313977912162
0.3648333416712801 -1.6208554637438441
-0.2517748805049783 3.453649659006374
-0.2052469609398322 1.6133364970363513
0.5420933580449127 -0.0100143605344148
2.7533757587975023 2.794236461583141
0.7597420261105141 -1.107041222402932
1.4088021964285993 0.540788304616658
0.0100944215476302 -1.1288278064651731
3.6847268392065926 2.4047333562595323
-1.436478813235913 3.8014137028044623
0.9864369738318607 0.1847767621279446
-0.0737140312235491 0.2089035965011581
3.36856265345545 3.6620537146744674
0.8060459773940858 -1.4748185801836267
-0.3927295147895424 2.9629070832517885
0.2009427992956228 0.5236698329819587
2.1805744450067244 0.6613372691189368
-1.239486268539857 3.8682154026553475
1.0706628332757748 -1.6464341768218387
1.8646542563912774 -1.425093721867575
1.3449458929822231 0.3976042734513076
2.181684656369668 0.4677037833597568
2.8930461190425545 3.888991757374109
0.578532653906025 -0.1035670974488255
-0.5541327448689214 1.6179565194852439
0.6315900438659111 0.0011883316794829
-1.1576427721504217 2.3668316064360897
0.0388627892507899 2.3970324297418015
2.6325397934006616 3.892581956712952
4.012451667768439 2.4290012776411842
1.3315732277453705 0.3662725040459632
3.9616508671635366 3.959171081038106
1.1680061007018459 -1.6328761175853483
1.931127007605195 -1.3576200015235471
2.2011682022168864 2.509038942834256
-0.7122036163091411 3.173873155837615
-0.8742891242625755 2.6413373157454068
1.646690231265672 0.4690551147745439
2.664760117098917 3.6353578066524377
4.043003012639621 2.9782501542585074
-1.5852384373791792 2.738565656364915
0.2988992489378807 -1.392297474094705
-1.3402246781572933 3.7124908293256538
2.334341225826566 3.385565288931043
-0.6064630866152408 3.6764759018654654
0.400989300871773 3.97282598046953
1.405899175742855 0.2395373206428218
0.7514791670083382 2.764075832354848
1.923171124958837 2.4899821276203906
-1.3679367818910888 1.5475605780745552
1.2181843222444728 -1.4856976476779804
1.9917801292497437 -1.0719851354504175
0.2203270982382384 0.5043811307844399
2.6399101693014044 1.9490451905396031
2.0055474449562287 -1.7325116173789878
3.501106713591333 3.7195200781212203
-0.0385041609827906 1.6438265212944376
2.175483747751394 2.0137943598818238
3.638363166688799 2.986315627091086
0.1214879231737486 0.3120265159125982
0.5909566271184165 1.7859041655392116
-1.1769363286818864 1.9765191298776748
0.8063291761539413 3.6656906174280004
1.9152756941308593 1.8665458182340222
-0.3091852489044064 1.5289646002852402
0.6407282426796606 3.0652065654609024
0.4201142351934704 3.9166341734097654
1.897554931903643 2.4390699807115626
3.785558648561486 2.128367569794223
-0.1759605263747795 3.799066930106511
1.8749640034916797 0.304741415225583
2.687056586583303 2.024777460802947
-0.4920572242263532 2.0062296257077428
0.1887099045381616 3.2439237536205128
2.986723672697165 3.690671391254491
1.6208328231478017 -1.3078122260329121
0.829062430166578 -0.9928585752292208
0.9298602009242973 0.5687943290259527
2.976009726830406 4.0665266645210085
1.645385163980026 2.7756843602138987
1.8668885953031682 -1.5658468351190782
0.9080208037705862 -0.8925057098798067
3.661128753926154 2.6182206931663865
3.393944312581111 3.796887961650213
-1.33512172246268 3.250512528831609
0.8532886374655811 -0.9189071009938355
2.343252404241532 4.1596329257616
0.3507084071387662 1.8216457033545326
1.5995532231055714 -0.1939549865479253
0.8381667553013737 -0.9420100167859589
2.0258499242268257 -1.781773069275363
0.5957225988252302 -1.3800688757308293
2.0920634780650498 1.930384213636951
3.817725196465972 2.641324581026511
2.131054134494908 -1.3238124193779404
0.26101650649205 1.587075230465415
2.537834419733753 3.619867058448142
-1.4616597875451602 3.899147901971709
2.8110711915899746 2.9178491637489006
3.8717304149674256 2.989051290657217
-0.0539902933938252 2.2692641847113277
1.1252561507680747 -0.9831783083885891
-0.8272459108834447 2.3702970290140084
3.495134022828076 1.9263875128562622
1.9653535257449184 -0.9358057963771494
-1.1000223978540855 1.789086165189769
-0.0886256439276931 1.9188201836375758
1.7273386387714682 4.260219158127821
1.5352878862519428 -1.4875266376542458
1.2517512318627462 -0.6145182186633931
1.3468697573322932 0.1210106532181558
2.78291507417042 3.516649965061685
0.8121995775418933 2.2283911423893676
1.319277663098899 0.5178971863254708
0.6577340840263847 0.1238097934972988
2.810217681003201 2.132288365966391
4.028505876082159 2.657513390573615
-0.8450760765257643 1.8231040264710834
-0.5244063616829229 1.5369570895679423
1.8421686960182786 3.4989243102078
0.3568269819356051 0.6685675525097735
0.9760322613413545 -0.9106805362451781
3.2196366522220075 3.976393470294624
3.90887765858746 4.213748799918998
2.256068918328837 -0.5582901550529363
1.441778870349098 -1.6814141483790281
-1.5211870096091258 3.069458744504189
3.7839276109956788 2.2483326426837866
3.975648593918338 4.263780143013289
-0.7165270910609125 2.1260818167452724
2.0953644232736246 0.6641737353865358
3.2983741985796464 2.1050399275643907
-1.0698145786395996 2.122469515322152
-1.3880181267846992 2.9279822050127047
1.2008544756977155 -0.5914274065224484
1.0188520626588953 0.4323734058651034
3.2047980931017745 3.4860807708729067
1.448433721281132 -0.320510432005089
0.5420758505726949 2.327474398293053
3.009808912796549 1.8134892786356196
1.826415925598269 2.233606566593826
-0.7245643485165459 2.13245177039544
2.2317414599367327 2.0126322768433544
-1.4835333308057408 2.7588839320815737
-1.4734525130671563 2.1995637101704046
2.796671387534679 3.6531707926449215
3.5685525660784063 2.150557720327137
1.6161706949271109 -1.4932689727601989
0.3204809627366844 0.6484756787091216
2.377745734454592 3.9883938384524757
2.7848482007547184 4.283671266011803
2.4148081416244573 2.772155476137885
3.2208220511348697 3.007782362860412
-1.4987233901314578 2.3532144398995696
3.3371227714956753 3.5864591681378064
1.041401952097881 -1.426111866220411
1.0021721972558915 -1.148139856749263
0.2669071133635367 -1.7307361698113217
-0.9985523359401524 2.1113401516492605
1.7770686881647726 -0.5012940333267577
2.9926637440035715 3.627810558887558
3.7821657029930456 2.7396253820783305
2.1535870022360424 3.3710880750611647
3.356375977120125 3.5349110019920165
-0.5481074056751698 2.005160263197736
-0.8261618920939969 2.6595622189093793
2.3075732642242435 2.5502328515872903
3.898826321982416 1.952265964605787
-0.2894605123206111 2.237704457469461
3.5846059519864752 1.9699235789569882
2.295103658760638 1.9757637323866406
3.6949321417157366 2.6216398591577983
2.077498157347047 3.341898685322146
0.1164348629889973 3.078337079610348
2.723635507939884 3.398008816211937
0.4255318217926574 3.129058958728453
1.9473690343443533 -1.7877099551725626
2.1885095800921563 -0.650858541987276
-1.4071685198900945 2.425902865063126
0.3641816646333634 1.6612863978162813
0.39985482035122 0.29056649134163
1.4976432604184993 0.0542003133591979
2.750294849536048 2.671602404690095
-0.4274165064483307 3.209681586152284
-0.5514709251367188 2.0349989556939896
2.084781921961944 -0.5390552575546671
3.809476989988785 3.9814790397452913
3.976772845447667 1.8366941999520126
0.8524015143202244 1.70760432607298
1.2740986726096002 -0.1015125600031299
3.9341312488540345 2.3089152136566864
2.822539167730973 3.939665517318135
2.9839692320625564 2.038798729973613
-1.402663319053001 3.897008610607804
2.082203683023884 -1.4790095856329135
0.2440398421170589 3.3025923692521855
2.7709105846338398 2.8009757380486713
2.7731067856583684 4.058067826904253
1.02515763905765 -1.1431093596897455
0.0556181657542306 -0.0756934379270346
0.3121289748273368 2.8392951890208877
-0.5641097734546341 2.4779594215457714
0.7511332822981333 -0.4623068102749289
0.663322625109755 3.7085461065988072
3.6671004249056915 3.0430606526296455
-1.301698294338564 2.2733855599970747
2.744611223643146 4.037097006167802
2.5403373227238517 2.446533976745
-0.846118780120954 1.9802695304095523
-1.3677099557419072 2.2944909576510937
2.2134351061820197 2.3925453836766906
3.9669363882317357 2.3018778295240443
-0.6961875347976867 3.2980172492727218
0.4216249369281443 3.879937547070646
2.402528657407657 4.255933980110857
-0.154748426474367 1.6170204558682282
4.004300528455889 3.9010356134023274
0.4685068017944556 -1.0139074211522896
-0.4787444960780604 3.4200156316727104
2.7089313226916665 3.0436413943211846
3.7954014497233888 3.727688919434293
2.309196612208194 2.3377343706564653
-1.413996674219251 1.6300399954105127
-0.156094535429495 1.7272726253379487
2.02429247231114 3.746431020742109
3.0145191816223216 2.5289766930416957
3.457835374305688 3.668459545786128
2.6613163096507177 3.4577366653902954
1.473856675839858 0.4306834047273285
-1.5064430177070083 2.824806398574865
-0.9758925826614323 2.6236825990948494
1.3083963211224667 -1.3459307791209525
1.9750056681820185 3.225058494682678
0.8671087353322081 2.4566112625970584
-0.1317233077226224 1.515493067646836
2.7162457748599085 4.093787361294241
4.0971125218707 3.087128398603538
3.8482548845371114 3.263778997697533
-1.1330222116871929 2.6671367449518977
2.091066126921142 3.2385379709919038
-0.5307548731362515 3.1508415268961834
0.3446153018002111 -0.401419361236341
1.6264007236904372 -1.761038407657577
1.641069898397545 -0.7904428626777922
2.963346338842865 3.460393090901286
-0.7115513958149883 2.6373169527927183
0.7884820598194905 2.48298061178005
3.594942358521475 2.2552713690025747
-1.1285367627794367 2.051408486195845
1.855425355952566 0.6432600202995307
0.4063766995417208 0.053467370858431
1.7730817163147317 4.2982459869525504
3.852703683625109 1.8765732678568936
1.7653020480966597 0.5739419064826089
0.8440564342549588 0.094703033094456
-0.5622071979024663 2.417812775829343
3.278532229111399 3.1550098983276325
3.322938200615374 3.3850661390474017
1.1696626807868953 -0.857877154893887
-0.085461878677974 0.4441911782536897
1.3795461237687299 0.5362344557620237
3.5892528067930063 3.085110699140723
0.2674336302040972 -0.1312924605423846
2.3219670519133238 3.4905460393300127
2.0750221810519247 3.7790453275852363
2.1496314863066046 -0.0313338094595119
2.406406270779568 2.1449290883432255
-1.4276695576293645 3.4752302780131203
3.2119574278994953 3.6661803121842227
-0.6738665019963521 2.8837526897322814
-0.5611293784068488 3.5445387946941
-1.5361642768567294 2.532888953852362
2.1200458962007773 3.7065211388003036
0.6308146771970579 -0.0844327928561502
1.6496571505103876 0.0995973197411199
-0.5868351843332957 3.7667480505424575
0.4470648139018154 2.262331237158395
1.1410540552858337 0.292995598586801
1.295460108787417 -1.760908365902807
0.2170808704114336 -1.3599276301456804
3.1418131638502738 4.151832114886308
2.380795571295046 -0.1139959716042848
3.0933598272527645 3.8663395469047632
0.3866722099817513 1.5781072639763594
0.810220958282714 2.068768719939353
1.114333471653166 -1.0750506862909335
3.725689442593796 2.316775437362137
-0.7756540556810562 3.6163456721623577
2.5537005419265517 3.425461667616045
-1.4100597813906175 2.3211047841250196
-0.4925106152080174 2.151503826452365
-0.0139864155955092 0.5994738250475437
-0.8329817962177714 1.8170310043070568
2.7942949733125624 4.250033998474938
3.895226453592723 2.518559447520805
1.6132248923016204 1.987019954458664
2.2667182127685206 0.5075084597056657
2.080597260058674 3.5763902939915395
0.8913684864455276 2.4049807007651394
1.2551150916123812 -1.703940545986595
3.5827938325706197 2.873869023142626
3.6558721021973 3.980955022367901
2.315663420460754 0.0460985293594411
1.3951239715577943 -0.1542410374861429
1.6110456975925642 3.8663670743556806
-1.5720856879536913 2.873781782083528
-0.8670025864844618 2.495191107085036
0.0297101774161341 1.549702782916861
1.9345836436227615 -1.2680473612022038
2.355036947354472 -1.246509707949333
0.6308926555476805 0.339796462427435
0.1301550124990343 2.551992773950043
-0.495804906668332 1.67084922221916
-0.3167729761629971 3.203853423185656
-1.1984921491387404 3.3318738804441104
-1.429690480215315 2.012336659428308
1.251491775088379 -0.5145631194029341
-1.3113806225832794 1.5092173415847956
2.579232497653471 3.7919413702835234
-0.3887433967759783 2.255833275638336
-1.0530444622846824 3.1924555163428425
2.0789614161632053 3.4457394337574385
-0.3707928895455032 3.6148310737902447
3.5885288837301528 2.0408623950489693
2.872210221991382 3.6357098962492946
0.699381065617356 1.6933876676417852
0.8997936753033098 1.954301704627337
2.1763031431189668 2.315178268207084
2.7704211496144877 2.77333637339075
-0.0556321225525975 -0.2447177926598684
1.854699360744431 -0.971715436770779
-1.179211887500806 2.415846543427585
0.0616498031392117 2.564358711237123
0.8130298254566404 1.6751373619936039
1.042105798736157 -0.7716000580230074
0.6537647553860654 2.509281432003219
0.5706927561392628 2.6909698756109397
0.5787621501064923 1.9852733276270877
0.8112587215487087 1.6806230414327534
1.9241639152836665 -0.3736107577642673
2.3942588739298785 -0.0821391659077673
1.5161181403684785 -0.9197330621698157
2.5724312697413096 2.8996066334720823
3.424112074941971 2.280939723920573
-0.1901742607134482 3.6456136451534613
1.6809659567392983 0.0350852208108323
2.2838422976988295 3.0994439093893016
0.0642112572971572 0.048928249157457
-0.838108534487884 2.953410431516437
2.5370832018620324 4.116924113768545
2.3577976557673197 -1.1688389449305043
-0.0601312777850618 -0.3866357921596364
0.1236200088571186 -1.3698155790721545
0.0422034405661511 -1.3155407471943787
3.474545400562379 2.513266665464598
2.7717822985497325 2.4239168237985673
2.3495791013605585 2.3594808157476717
-1.3358995041323474 3.8309026377496442
0.0120515104583502 3.5398481542799276
-0.7140332234984089 3.151671895182551
1.6046235115963399 -1.1605406905350195
1.371758170904715 0.4400790101860325
0.2116193154369229 -0.1573611484940798
4.051960472413569 4.05559300615916
0.8826766475477495 0.1885516701331329
1.839345705836689 -0.0445927691539793
1.9076706019894456 -0.1844670383973858
3.6634832436209575 2.2571054390008296
3.1972987238991335 2.5685450259688487
-1.099993960363337 1.5968757754703504
2.1547763210601487 4.0728479284828305
-1.0873159474789178 1.5124409304110802
-0.850071694277545 2.667482206627715
-0.9018140706126554 3.8032106062657154
-0.2586207174079117 2.0649422199054244
0.8941756426587619 1.6770145241089138
-0.8064605643063659 3.712871089659933
1.0699162020788835 0.54627126603679
-1.4757722829236868 3.390139600281555
0.1334485513072348 2.335142730417778
2.0356382157200157 2.695589241068372
-0.8076223174931177 3.999251627805655
0.6363869952645376 3.1003797603644307
-1.5996712179234187 3.4768043155754107
1.2402420116030513 0.5686984095151189
3.3805811631827685 1.9898518307028805
-1.532198576712068 3.364380006117511
3.7694692202093565 3.5806554661556924
3.7555362177316645 3.3119120297512894
0.5314502427993189 -0.1605031294114265
-0.6456933716920807 1.7837200203323924
0.586020021761586 -1.7581597061979168
0.3121862130199458 3.522046452631959
1.0837126950444125 -1.7530119340863335
-1.1562159006017942 3.1143133412989275
0.7513753689157298 3.0772782277692503
0.1779667799659511 -1.1828964679486347
3.5796521557237795 4.037512842499833
-0.7184296813152965 3.8337689301823223
-1.2548799908311183 1.8821108159345965
1.892119302026436 2.47779932121903
-1.314293047413819 2.7517063863894755
1.9605209308809821 3.2323609341284345
1.8775196059868409 3.4426510561478016
-0.4199732514613053 2.4311159235098523
-0.6179667271170076 1.6323016456692814
0.074373339579483 -0.9248817112023424
1.8996387774694794 -0.1856197283239667
3.3615098593364676 2.1362021096083565
1.3701228093371123 -0.532546202238877
0.9396099278947287 0.1851613546328552
-1.445036477232261 3.075343285182818
2.7026426455028996 3.4377587219794923
0.3498492848211718 2.144255700708865
3.4088972273954274 4.014710513894269
0.7645532237881463 2.2735935206318634
0.4234362835368845 3.642930982122534
1.9001545883523625 3.4343299719860028
2.6872269123388253 2.2358911245634183
0.7882004402440524 0.093518410207759
2.472997420361184 2.686018459718011
-0.8687251627725989 1.8055817778176635
1.7905358926913086 4.010983297282087
1.8077159776657192 3.5657839817009345
2.192002511431879 4.264200858019672
0.9613004874326763 0.4056242881669202
-0.0482815547547862 -1.618558317078617
1.1857630303520508 0.4250148828254849
-0.1960094438591204 2.3883955878584615
-1.526464591112667 2.4664109079008547
4.050928819357811 2.7669360595974233
3.795184627792504 2.1575669695456505
3.3916145441630956 3.444815549146787
-0.1143399497339355 1.5553793563077352
3.6128760298003555 2.2544953712918443
-1.5861072741136009 3.48451011842203
3.6007725212330377 3.953224690641845
0.0486020801053377 -0.7138175350734638
-0.7008344294185505 2.004292852652522
2.225199496480002 3.634353974021459
-0.8504902214943002 1.5378662814384125
3.439559858020925 2.000514356893611
3.670464401759262 3.5395900014480297
-1.2422123482332041 1.9381864402235727
1.5873974235852042 -0.3297336416032101
2.372263398558611 -0.243059695778401
1.161720209114096 0.6244313385533254
-0.8003746231147285 2.0544786112486557
-0.0424338798108868 3.401816299347788
2.524245898667097 2.4984872175283583
1.6485163628026847 -0.2571047747926822
0.7717959907073343 3.2092872671259536
1.7237518396286193 -1.421599218313485
0.7965998389911167 2.447885833323081
0.151933032142093 0.519809562368373
1.228869911731018 -1.691905320416703
-0.7442239075696709 3.6976500450214593
2.4947905304955595 3.0438221118367155
-1.2289411730657194 2.1406937336290084
3.13297916919944 2.2207853647628633
2.170469891223983 1.9439435655164337
0.3478628558881235 -0.1173047628014331
1.5937763689765327 -1.7968609301387215
1.8454955682521974 4.049203725357334
0.62457797657923 2.109183523197397
1.817965126677668 -0.0944910477203633
2.531019091009091 3.29638334976877
1.943522052853667 1.8034139754596306
3.793691981821454 3.9566553679999026
-0.1010649234541432 1.7238427046976827
2.1438966608611154 2.2705919064980455
1.9010440442050196 -1.650579579852844
-1.3645296811707421 2.9275136772571524
0.8713390928005558 -0.0890449016427822
0.7442097116355587 3.832540292507353
3.2007366066584098 3.392068935783998
2.3320460868933788 3.968372589875396
3.05954433585254 3.9415043762042905
1.2365428598614157 -0.5764659379477934
2.731576892306973 3.830889115874653
0.0334345763551514 1.6384174020134035
3.425105727904582 2.276178375798675
-0.5764957158684003 3.975710285759728
3.7754405798297315 2.8318760972557544
1.1364822116619708 -0.0683530212535562
3.0158590735998243 3.5685211959841046
3.6457524482317645 3.7183633815004065
-0.8291431621057985 2.831030383657796
1.5264745670979074 0.0424575278421888
0.7870683859920312 0.561732690232582
0.2460571840065862 1.9748066119487453
-1.1328793363210092 3.8514650351220348
0.1525367728726175 0.3884105050382741
1.646051295136393 2.1247943887139757
-1.044050222603376 1.5038908330866747
-1.4294125948546097 3.0323288442229046
-1.4056131905230893 1.8715722112518243
2.966894906869678 2.7822274581988937
3.6943715931093286 3.039308939198877
2.42542430945262 2.166924885013483
-1.2262427444947932 2.076163943888041
2.1770868168231163 0.0589210862118475
3.469520318441924 3.3684324970504456
2.300756623062195 2.616084181866931
2.030796935715973 2.8715032148284343
-1.2984571489351706 2.172242731048023
1.3316181013285064 -1.4968135899541573
3.427517008316079 3.661393612877403
3.211682969291478 2.9574405721828345
-1.2420320296486962 3.8934236066176022
1.974350883118183 -1.2822138967310284
0.6816025850124703 -0.985037321960458
0.0604225536244993 2.5631543046357197
0.9526942401870606 0.6305903241994353
0.670469441463811 2.8415673723493153
1.8646532504808353 3.9845014582077223
2.9986947226472465 4.033235932953064
-0.0745537082309949 3.778073839680961
0.3906735726831497 3.441371786645874
3.4542141485889264 3.5927660777700257
2.5111003328637977 2.3020602297062904
1.6635799985201052 4.167812600821789
3.832671435904806 2.8839947980013605
-0.2431125435058695 1.5664487171474737
0.5654891330355019 -0.0886995594330444
0.735414994711611 3.817373190550326
3.3862863959590834 2.528894159559775
3.0650057146944647 2.1179161835222904
0.5221805313769228 3.092371279295426
-0.8086067392323228 3.5104158867161157
2.1798141150204433 -1.0879384232030025
0.3150931538721005 1.6474521240997153
-1.2156308114573202 2.5437482118701498
2.87074993556154 3.2897379214525135
-0.1860238675282608 1.5457497823249438
2.6672977762049315 3.1574941025305265
-1.2068099715074814 3.356236721429855
0.0870416358165512 -0.2275752372077031
-0.6100458484378852 1.677781724090833
2.820802367974725 4.151700786104045
1.8489882129077568 0.2418293785947201
-1.0520247926154123 2.3929410525853125
2.4960315716863133 3.6466760795119937
2.4653431792133444 3.367240230019295
-0.3867334696386697 1.5405881227217322
-0.3198829546991079 3.661683015348328
-0.0083410242704274 3.7275371610422994
1.7709289847710927 3.020923004442565
2.53387849532896 2.9934006550928713
0.9731408817355292 -1.5458453814541735
0.5212317647432051 -1.413562291271776
2.5280067931614427 2.749595384287498
-0.245515020362486 2.299647105482556
1.121264813401607 -1.7266321417366792
0.8251442950852068 -1.469501668674755
0.711768345615386 -1.6778675412580941
-1.115781447315861 2.382163957243938
0.4451018439612015 3.7590835844139323
2.085336456787685 2.8327642852540684
0.454106444971351 3.339254468663856
3.5375892983224513 3.076972413006033
-0.643557944625073 2.1212089353932213
2.8034790414848505 4.1090228897212295
2.016412984150347 3.970497333007887
-0.521312280468127 2.826394829635308
1.8771141961917517 1.924793545793134
0.0534145816023477 -0.2470425390017063
-1.5469773202749426 2.7479262953627126
0.689867307137153 1.8787480178606601
3.7962457735943547 3.3248160910952604
0.4038146707314182 2.94897970255207
-0.956328285020817 2.8281426036145456
1.169268694609766 0.6710337520087947
-0.6325673331277492 2.6833233354274957
2.2096787928872876 -1.7889901989733255
1.9917509327961982 -1.5192764658941216
3.7905705965682155 4.263061985137015
2.2207918214869147 0.3502384435626482
3.714706964576657 1.859702930453959
1.7124794836546897 -0.5413583420796997
1.9103751066314776 0.4130426247725627
3.9287382022965005 3.1802665304326254
-0.6754029715866411 1.960743088323698
3.4752692127419653 4.2826276390519435
-0.0006593444169991 0.0763595638725447
1.133651644947093 0.3921682993796689
0.5063516388887999 -1.5411525855252848
0.5363474551563112 -1.3783267604969294
0.1122197663286402 -1.1227191880443423
2.5038965994868914 2.2154860736477446
1.2617676518088417 -0.5266864354636901
0.6959371622605995 0.036247838759358
-0.3019250838977577 3.11956546680457
1.8108322293801642 3.3779880730272924
0.1880462349409753 -1.6554512788218556
2.436264455632802 2.065656678026876
2.5838917935340437 2.6832668490037985
3.8800784573168663 2.9552439502387036
-1.4644789971556504 3.2552402924733714
0.794427908534666 -0.0980105322680393
1.284120120484866 0.3086653669721275
3.545740468755525 2.0860226035938854
1.4283318992319296 -0.0759954860804916
2.3225725838904276 1.9569915951968875
2.3890975381255912 2.972468415433123
-1.0717546920163281 3.661572960970935
-0.9665487769054973 2.959756536266179
2.278271223242419 2.7488723173927525
1.1369118136340797 -1.0505309168160553
3.7300800579134923 3.1932168253253543
0.0386118176502108 2.500531738209604
3.6735243419914108 3.616096066129661
0.3501408696817505 -0.8775958963729854
1.8321331417533673 3.0074873809802782
0.3760784635001312 3.2280415979378168
2.6415192484717314 2.5501930890289497
4.068903406951357 2.2420547044298513
3.9325770923818935 4.077551774049271
2.829567320678872 2.3138012591153845
0.3751068314338818 -1.2575971636243322
1.1440498050402572 -1.4527096247443647
-0.567465767233017 3.419928622464527
-0.077330247559472 -0.1916433197585695
0.1294290177936319 2.6002561716356505
0.2168054886626257 2.979837203313244
2.1607869653039042 -0.9144558290720131
-0.4144696701675629 2.90821967468914
3.5824192027171704 2.0356000201167364
2.391529914089769 0.1983928001059957
1.5580950687125439 -1.7125234519647772
1.6012273241309718 -0.5806127460315333
-1.5419960785025253 1.8739770301165175
-0.3485199676153333 3.5715708097720738
3.212551851613278 1.9691583043021472
-0.1845491812812811 2.0143628193526597
0.2751360181525564 0.08015881263653
-0.047370557483094 2.5018668028720477
1.8388684338032426 0.6993657995904492
2.6307208146038943 2.4356971620837933
3.685009955067194 1.8848825379245289
1.0024316657821586 -0.2826552440240664
0.8250311794284835 2.0405554272123623
0.2379210450798698 -1.6642073105527997
0.2019553180884286 3.1820688658734517
1.6917539451416843 1.8778414485706523
2.014698620730265 2.753875246935017
2.8523555317172775 3.627388983149818
4.044089204406161 3.5183874139432363
1.975215567945327 3.6066847326221274
2.14309433595749 0.2170125039295805
2.2750662041318535 1.8709563086437975
-0.3371449976405149 3.37687104501878
0.7897505604207338 2.8303120704102023
2.858542210516479 3.4056558802477723
0.4663622910454655 3.54888472044895
-0.8639049698044681 1.817518649940937
3.0489308351594664 2.0996342742295346
1.6209964363805498 3.213866776677467
0.077027725757458 2.6284033115797474
-0.9395782043464422 2.2449007079669543
1.1816558132721806 0.1740290614495123
0.0336213694620175 -1.4547975618293052
3.4418162966243693 3.224679921910822
-0.6364477642410099 2.3482106663071196
0.8077691499221987 2.9133434871142248
0.7740742817406853 3.9466130732245497
2.728562462999751 4.142782855991457
2.094930413262316 -1.7478696487460739
0.5117914317260888 0.2087211162466894
1.4087634981873889 -0.9604405577580104
3.883691581975018 3.332318377616563
-0.7904853128508934 2.855574387333217
1.7301788384410393 1.898191296371581
0.6417207730680276 1.9675615691150503
0.0237134762509609 3.8306864772735496
0.68934271289058 3.2550427989765285
3.7904062700800485 4.091120931726815
0.3998727370009717 2.331382545513985
-1.2571037201420578 3.7498795095968345
-0.1908636299595809 3.5335864815068514
2.1649733736282095 2.1345735392830822
2.2654797698886786 0.5375273691728703
-1.3214094082168197 1.7376646535141238
2.7745539187955583 2.5665744615755903
-0.0388132415456405 -1.667503167639742
2.852380190989635 3.338450755347057
2.632906141770337 2.3576297340240475
-1.1611977887190739 3.547801489960762
1.092447040496664 -0.6449876728177177
0.7618713873651696 1.8953112727904151
3.69722373383346 3.001255671006581
2.0897003451592258 2.6100468973382642
0.2858664914106586 -1.1300889925378939
0.7260328217404957 -0.9564436592819349
2.937106325628543 2.8169686909740896
3.268873257877956 2.9130287544665756
2.573862592236294 3.9690358843561806
-1.47504326124503 2.7624770408758534
-0.8067049671752555 2.680131948177086
2.1891885018987267 0.2843338117043979
4.059406438258381 3.0207124491977058
2.177457334563774 2.187752452133103
2.277902987905282 3.564352572312116
3.2941838826278214 3.190429421513377
-1.0078615566199243 3.4357352504010166
-1.3298897473631368 2.1670303699384132
3.068684866044809 2.6257048563346914
0.5847269120762093 0.4597631071715311
0.8299727382830854 3.586452132544114
2.664017683689331 4.238578862241321
-1.0063842273740051 1.691882816937773
-0.7079164071407811 2.8738059128623408
-0.8912032774683359 3.107476530637562
0.257546235155871 1.629945419179383
0.4081965926196248 3.749450120376129
0.4253622307926829 0.2602883632162224
0.7193804154041223 -0.7418263208234513
0.6219652065294003 0.4487029664250701
2.4268974667467935 2.494362812736197
-1.3207685971995553 1.5470242365922597
3.674440914794586 1.9172288516899805
0.6532315078352451 3.4670408733005034
2.714518586020894 3.187168311790851
-0.1312825816911733 2.9543239495116222
3.41482913778452 3.68773985656848
0.5667744995380242 -0.4657538557795332
1.0070494309036497 -1.7897902182004508
-0.2578174442696358 2.7752976912755676
0.574903328630227 3.113707594611303
-1.4534137481945142 2.2934550110592755
1.364144171770014 0.1889417326090594
2.9476881694887296 2.544462263836365
4.058537785501646 3.105109511914439
0.4352355541032304 -0.1858802250373473
1.723505688623246 -0.5302517991647834
0.1406566038967627 2.423748196013385
1.7473643541172 1.9947196426663891
2.5078152533027613 3.958250781636051
0.277335817140534 3.307335228228139
0.1865173719048488 2.367823629195423
0.8221151282004676 3.0892200292490166
0.3630994945318279 -1.7350201010816653
3.9238231433862882 3.2098655078751155
3.3187628057641767 3.327478405528082
3.4011257698290556 2.432048382363921
-1.5288437298744557 3.7591097777754277
0.7343653035455692 -1.3411470817801463
2.034469998851168 3.3021452990758857
-0.4331182671324367 2.8461999107353413
2.3926130916738915 4.202737801622824
1.5724162995106594 -0.859768355971023
-0.1726640605873444 2.0967150783440607
0.3753275341581517 1.6248735574677382
-0.1547655679958972 1.9078536212803656
2.7922866411285807 3.1607425977048944
1.8664558511902927 3.2574873754783686
0.2072358274974391 2.315411499997849
3.782515987781627 2.8971185067542695
0.0971430827237951 0.0132449848093061
0.5211620206716421 3.59641130036783
0.9804967306737284 -1.5755158751491933
-0.5269420217346624 1.6053010971011834
0.9560517054192885 -1.3890665739496553
3.9281362232840387 2.3471994405819623
0.4423196075298253 2.2555335265066336
0.0263909825624526 -0.6352277518928021
1.7585473734967152 -0.0901383433036676
3.58283991107471 3.598431101087806
0.0094021141722022 1.6034108319409222
-1.4829039479492907 1.9735661420847443
-0.6063967047465707 3.4439185309353277
0.7238036969393151 -1.524259264913429
-0.3496332292677386 3.5344489931877647
-1.528588652683735 2.0666070263074445
2.4050861808372974 3.0817074833129428
0.6428535836642159 0.4239136841519739
0.7026195912533358 -0.3645906174386735
2.927615506779895 2.7231171622327004
3.841252569904662 3.9962453842197214
1.4604166605052007 -0.3794162223002123
3.082903351965525 3.9600348137693513
1.273123239573555 -1.641706035683779
0.0258643032228263 1.7180718625453684
1.818968788942945 3.063906579313662
2.6233548612531297 2.8261590389193993
2.307605750461245 -1.3074071693101816
2.6291981052151803 3.4592060340668334
-0.6150318201200397 3.7616303662812984
3.439092933292886 2.5221560876724216
3.3595854794824334 4.1407170355969525
1.953101967653978 -0.6981811185055279
2.4809948016664256 4.065194962600846
0.3987009186950212 3.9450344310782883
0.7545604985159308 1.546259002563559
2.0893848128858212 -0.6098315991923507
2.1266978008037833 2.292838095224943
3.0643927240028486 2.408064865605799
1.1101277320964884 0.2788172375010166
0.4268439292252782 -0.1111543371676671
2.5042205183781956 3.9690184082833437
3.9228408510664967 3.134531521221288
3.358165084866477 3.9051904226684737
2.927888108481131 2.852181672483816
2.3710441436494447 0.0535328975122691
0.5824602866195466 -0.1560954909269105
0.8326863168700885 0.5984214412266401
0.8164571251272977 0.2301611782073108
0.7217143839010955 -0.9132606116200351
2.607086092002129 4.225755921163833
0.2848676328454202 3.243330885970197
0.3627251171214632 -0.6986311922630991
0.2584177091450233 -0.278078074378325
-1.2530201454665362 2.281287542108179
0.4163703466323817 -1.2473152013373108
2.5301931534374966 4.007445675564752
-0.0202526984114749 -0.6707109032211855
1.2848438398179598 -0.8531411479611847
2.819906766578506 3.1325393945958804
0.3216510971167475 0.6463198281174996
2.3703360190513765 2.396770425733586
0.2880862614957018 0.0714173491281658
1.4405808228430415 -0.7622358893437586
2.131267977775576 -1.4440580224583666
-0.8607837893222212 1.5393988255512272
3.609511080604639 4.131503828312129
2.7450419446742207 2.1424905344069707
3.1709669872102575 4.243794309387395
-0.4010784818591071 1.672893125721173
1.6406302306012126 -0.1689055251104909
1.9875953627916625 -1.4903609294355415
0.4803923987821416 0.5072578145331168
0.2931244444740124 2.4947894909123107
0.638238579983588 -0.425990189065124
2.3577613009884506 3.712237038694427
-1.524902065024387 1.9671012985834788
-0.4555924220642628 2.480736207705237
-1.1076893189746486 2.0085113916027595
2.720567472355851 3.3565628352751227
3.3535021990555363 2.690247177088902
0.0360311891150458 -0.0584215941699365
-1.1316228891339668 2.824321001908729
1.871238732454991 -1.7431427225089589
4.025131051721398 4.064054097597864
0.42663688424038 3.226656409388272
1.50622274087816 -0.6640993178240496
1.938845834839656 0.6576121358347969
0.4681243688607102 0.4967693714913279
0.2992191339414067 -1.6046601731184593
3.7040163698795894 2.556085709587233
-1.3432138813987795 1.7415422325583259
0.8163021963080874 0.6214267736062384
0.434580997934272 3.19048124317097
0.7078935488662297 2.894181503332776
0.4251557593844373 -0.2532081966032123
2.344455148878017 0.1393905015448183
1.8961119749603326 2.917863755711806
-1.0639464717942364 2.018745197973418
-0.0057193710800747 0.2657724720308432
2.229984196863704 3.8007836621148434
3.4646300866308786 3.6912014928395305
1.2611211003849743 0.2735419620501344
-1.4010204975225569 3.228417124141729
0.6747538913540503 -0.4599317668611097
2.359210873268786 2.2141008424591515
-1.1515429443812848 3.023812676675986
3.852611784335371 3.0747185034692013
2.183665055935497 -1.6908797793350554
0.3559009151859199 -0.8857762400915444
3.303067127639259 3.891266063568423
3.5815927000126084 2.8288109103326513
2.6542581139642083 3.356740672885558
2.432259332135968 2.3092277784039164
1.350930703402164 -0.8066984024671682
3.9361057168800557 1.9864766261729965
0.8659991655267215 2.7045755243788983
1.1462093669421902 0.4367068655383983
1.6670495078293324 3.5410717033270918
2.8535193743333895 3.8020393273483903
0.6489432185191552 2.274328998379985
0.7065499539059065 3.370196137994375
-1.5184659540905086 1.8192551904845562
3.3171075451839394 2.542281796065184
2.1293653798657624 2.414261759708452
1.3857538150530104 -1.2368503894401481
0.2209116136709959 -0.3965903853186185
2.317806273175743 -0.0623564216374999
-0.1959125491184141 2.1602295436973917
1.777752189029853 1.9834651876126799
-0.523407396961233 2.1782569301838572
0.8975865964658869 0.4902911232367434
3.430708987852827 3.0365833453567523
-0.212058500071534 2.2559163790928447
2.699019156671782 2.9398612817468517
2.4876711084918535 3.1933877071421146
-1.3496130357406162 3.6524590954571288
2.998256664775433 4.0165381526937205
1.1675641399996604 -0.4633069043652915
-0.0096995039970696 3.883749441802194
-0.1993331329362366 3.375646140120726
-0.8363991393908635 2.3968018291865527
3.5594159616925287 3.334573399980261
1.5041672470072383 0.3052582854883611
1.267017307899982 -0.3304093469801068
2.5868629870745026 2.610821046722732
-0.0608462533076675 1.7119407399036712
1.871450168822407 2.1552655631969606
-0.3208377568948214 3.9840728231508726
1.3515398841588289 -1.7754146666157944
2.3939208383831603 -0.2382903546564486
1.990595897899702 0.634263723568921
0.3210834837394445 -0.8318085276332517
0.4297681904600577 0.3483740681853631
2.135102849333285 3.5946292323707616
3.879957123614991 2.007029659924026
1.785771723516017 1.8558012092671368
0.4374804446500389 -0.4548045958915407
1.805141567044727 -1.57430043353437
4.019621303061999 1.9653628989037086
1.7204615631508178 3.6655691187574333
-1.050122438507671 2.9406590279745126
-0.2304880933316708 2.754547984757128
-1.232967782823273 2.3863145627257394
3.8942704765760827 2.7339634952941356
3.806713932790988 4.118518402954058
-1.4405031558869836 1.967886028261844
0.443149444728525 0.6088418351308627
3.9235819513465957 2.949345876875624
0.1157967567590695 2.454142381792804
2.425909773421381 2.2970258938417314
-1.547009767403782 2.2225354185639974
-1.5768210991242748 1.7667803602658394
1.9164872514413576 0.3563219356588576
-0.6052379715268315 2.204343314399276
2.929386665765894 2.667097139255231
1.9529369447977765 3.9563428370654443
-0.0288649093742708 1.862102016382044
1.5269560972101945 -1.0477949033684404
0.3822897978716236 -1.3304633476118117
4.031815874583844 3.4724154381687677
-0.532072348002405 3.4546158750725233
3.875207954868157 2.0009982191956257
0.3772758757362584 -1.4212655603151494
2.11437698857238 0.2682140821826721
-0.3185035394429807 3.609634714142642
-0.7811125121542115 3.8833429071190744
1.2544982395968245 -1.4243141537121788
-1.0595948431939533 2.188662865288824
1.3312034527160166 -0.5001413741944312
-1.5535614280415897 3.869784780057815
-0.7035876905852408 1.7678797219870197
-1.3708440623129479 3.562500998851551
3.446459199291774 3.677439200417421
2.891027110147877 2.579701372603638
-1.5361739773869998 3.138147890422116
1.5551489079088936 -1.6970968117034764
-0.6262308511627144 1.6205548437976223
0.7486392764691981 -0.4904452761350151
2.9992444937849925 2.966027647066378
1.345781317049363 -1.1179956583554485
3.1031813828745705 3.3299662563810877
0.5259473842842844 -0.8186319935067036
1.061310636876606 0.5320095205533139
2.0128372226705538 3.9033385266211638
0.0423503159574582 -0.5518113272976891
2.0451351899074863 2.334586138531186
3.292652805690292 2.629936128761725
1.7151706312008252 0.2634823020605342
1.1023031674746813 0.1215530558084953
0.3235751333591998 2.453780219250325
3.041961627115834 3.4805604993800316
1.8404891558010625 2.6391851837618896
0.7991618566469086 -1.0275258471151507
1.0082346725914526 -0.7125527800398391
1.709071743034216 -1.4393080773790377
3.936160889343525 2.692660142971375
-0.0355058222299994 1.5352144710862017
1.5848257429617916 -1.1783623755036061
-0.0607498689667131 -0.9467161531219938
-0.1580562214212874 3.4837630269980466
2.898543122400595 4.2694642411817565
1.448044565516668 0.6649481569940816
0.1309240529211958 2.709776713215219
1.3065436661857877 -1.0433673145361286
-0.7921103165003655 3.7486352034074715
2.638992973575792 3.5623384054585863
2.6229916712531436 3.0649716862377923
0.3317508458437058 1.8677634428435177
3.4988812362522848 2.002345856826134
0.1247459371661939 2.8565476326867407
-0.411484362038726 3.9540565446299656
3.095646877791415 1.8470267917661105
1.153851347120778 0.3022097388552514
-0.4209883795638822 3.2840969723064894
2.1687457708437483 3.0619980090528354
0.6653794412708727 -1.6326763308324492
3.9750552500846967 2.4054505851319767
2.4283468091530684 4.270293625690275
0.0612893705952185 2.7911001043039345
3.3982034825066814 3.3836354135479225
1.9211602774882333 2.9187541398246157
1.9550907041763197 -0.6786635592992418
-1.5689973057308766 1.6650122552274094
0.493977021244965 3.475618126778458
0.0933357443658977 3.3171808242152494
0.6409898056124321 0.6989411486330159
3.3145659630168045 3.0196443537274975
0.1458114841401507 -1.711267622502165
3.9357583319284974 2.8898323372034023
2.1402656371858 2.181180415388411
-0.1629985926569391 3.464190649644584
0.1010426765120551 0.3233748455553254
3.9731770778608686 2.5887267401569862
3.689825861186089 2.415855253408801
2.2425567030092006 3.087066101640643
2.488477554720286 2.495034114686952
4.009921146455602 3.4664275024203492
1.8982275664351678 3.3997853888060514
0.7229257408267762 -0.1561859374377897
-1.2032339223606696 1.8097657259699704
1.1771562985060544 -0.3278963066878631
-1.2107336770939505 1.9758148145950827
0.8135366170425683 -0.7502670673224934
-1.280872427029959 3.509027512371624
0.1764162243098634 -0.0041130798726462
-0.3797497665497756 3.4260923823878686
0.7774809650759438 -0.4995767469358394
3.025156896781024 2.5684002799052332
2.463757380393987 2.644182593295194
0.0045024840440933 3.9760413511954327
1.1175844696661605 0.4990112076364421
3.6848046552090645 3.616467651477037
0.5495259265944696 -1.0841409944584244
2.3798116005981846 4.031652464831001
2.3586329697297197 -1.5092716062039448
2.284616068704971 2.7525475582581436
1.4123517436657722 -0.5785641394285205
0.3629260165513012 -0.6044793433995987
3.8623401017515766 3.575577974999709
-1.3649043208194898 1.9424470147341182
-0.6945043278509592 1.896518403921042
3.4758920158303033 3.5530916262350476
1.2014208199440668 -0.2362562505071103
3.967717288280254 2.784054800560022
0.7541103571836559 2.0115536692365152
1.5698940414080262 -1.0153521223326256
0.4970359808266618 0.5004586603538193
0.0612376114810519 -0.7047905122727018
3.6412482748494868 3.480003384008223
1.2009214678008588 -1.66227442712576
-0.4207390330427731 3.5767399092013257
1.948667853425271 0.3146482821759928
-1.3671885547743128 2.404183169740615
0.8300658890519848 -1.1396838628437551
0.3421656555267363 -0.6085482220511022
0.4376558735297605 3.9435264505654053
-0.1585425663028208 3.742485027648597
-0.5477313408487838 3.634143271948642
0.5338162790813694 -0.8046572222617817
1.1029047768990567 0.353953188542201
2.3453045924201787 2.201148134605457
0.6033675265238803 0.579815690426236
-0.1606854496575125 2.2134665656524395
1.436100480821553 -0.4502892320717024
1.6729633787633662 2.702758478628448
2.123103385173648 3.065812940959747
0.0058780952201469 1.8018448721434777
3.8373222879622113 2.196807867459842
0.4519872860777366 -0.7266060660462615
1.3189376520223655 -0.0543438428579414
0.7251038721143022 3.4783368832079784
0.7392094463366421 1.6025012886458025
0.5964144068488398 1.9410785273320743
3.8143733885766813 2.2097924980150587
2.059152870636381 3.941900925334859
1.9013140066710863 -0.3965685359773876
3.2350689809748254 1.9798395710060894
0.5334181958164236 -1.3120558643332052
-1.2174195469648763 2.7064819353839185
3.4067284726298683 2.7252840213555496
2.227279327120183 1.8953959870594266
1.807740571875923 -0.1242594576117004
0.7247302689555467 0.6130893356331881
0.3835856743615573 3.075384290830284
3.259038604121245 4.0736306456476905
2.94790453387443 2.287762021371873
3.66747499094503 3.7689691263777885
2.934634441431575 3.132804978501737
1.8644627922378294 3.105027400760487
2.1870849024728023 4.105787451861231
1.6989261035315224 -0.0113429604819501
2.987845023456821 3.108860034449444
0.2170701034746896 -1.7072679990671984
3.867854288316516 3.6445987346401942
0.9441404502816619 -1.3548304388297494
0.9966855886336741 -1.3677097633285389
0.4567877104984979 1.7630625473853487
2.9630782723877753 2.9350883367327048
1.536676934258968 -1.7711104112008174
-1.147041440296489 1.8415427475030484
1.4990265614535685 -0.8052096193563691
2.603437573877508 2.3129842699689886
1.601874734909844 2.945741596347019
0.4524958925007094 2.2023179186223567
1.099201232569224 -0.2185948808616499
3.093965419132323 2.01451936594792
-1.595171603948663 2.052785350657094
0.777166729648145 1.7145006104950473
3.056137935855353 2.0726708379891896
4.031093560980886 3.955930606277642
0.3305041088456293 3.3208415924861563
2.322490418382053 -0.2884855260759142
1.8175535078808147 4.115358274675663
3.8471048674246706 2.0855549555107
2.204818412657751 0.5066828773822508
-1.5882000449890947 3.958189944209306
3.5368845147305947 4.278419352283878
0.5174585832191915 2.5177802076426623
2.4637972067337186 2.6984157704607723
4.008033667643166 2.148076304832311
0.7678237186256778 1.9924660986836138
2.1555075362026717 0.314952492609123
0.7102671679156775 3.763206402290776
-0.0185712578221605 -0.3834866987542962
0.211652230864579 2.568245903612949
-0.2555349117588635 2.918959181014383
1.1853433929580104 -1.4257988055695443
3.398934252105088 3.486629238881482
2.3277582285604126 4.0868472879509605
1.9079418943206634 -1.3959640612816786
1.5682892952318812 0.2480575140703716
1.2681338803144537 -1.5210803817490433
-0.5635101264247425 1.7157965853921076
0.0260210140582667 0.1159523801969717
-0.2868723571683919 2.8577885766784585
-1.0578022310900081 3.6806640674507283
1.9599789605857696 1.8933381598459353
0.5530654092865473 1.9246040879909163
1.0513723422096994 -0.6416757880001476
0.9393681434250103 0.2378533391698814
3.666911969205265 2.231322026290869
2.2031366671702166 -0.3905888738090902
-1.4917149043197058 2.3685232487641388
2.0455231297887697 3.185222520986032
-0.2618042525746177 2.2116115166830297
0.4984595261039937 0.0901484731603254
0.5477918815534422 0.2791168203995175
-0.7377737886113415 3.1361994920191445
1.729820702064928 1.8569146905528877
0.6668753372366784 -1.025519309722361
0.677189211786812 -1.7007980798280504
4.032141745929711 3.831700524357302
1.6848342339009512 2.019830760982186
1.6516937636821871 2.6149993606363107
-0.0521587263669186 0.0710088166236505
3.83060477685779 3.6401818104913475
2.3545155832732445 2.7242002601201696
-1.3738919160198677 2.2906073075768707
3.351853926290887 2.513144735095212
0.0147274791370887 -0.816777891107822
0.9981512004734219 0.1662252866451167
-1.0127442448081525 2.818637885722578
0.0380337876189564 -0.6231845810603814
3.2950952395355326 3.472083750800785
-1.4473439585348375 1.8999912733866904
0.8179771989661548 1.8617331240711603
-1.0374767080868088 2.856855389492916
0.9199038602787041 -0.4482986190686774
2.169836645776692 -1.0103003199977052
-1.3231625376261247 3.8570773299997962
0.1454578798908542 -0.5680501002306761
1.630086760636855 3.7967307217725783
2.1671709979186042 3.690147214429951
-1.2282896698556245 2.782095837651145
1.885523687039358 2.186352958770276
0.0707986342960671 3.333034630001048
-0.9934275865031206 2.2256936542851378
3.361231822695345 2.3485518172454793
3.783144292307645 2.2560015767825377
0.8166887536858741 0.0750537301846814
-0.9990830646647476 3.1086159340997153
-0.6725391415142441 3.4825692964662944
-1.224024804314261 2.642599712018227
0.1320226562011487 2.2881362773003753
-1.1868422557736071 2.683226995846298
0.6502452718989383 -1.4527281608868516
2.8152156152460655 2.053014883073768
1.8614805893411137 3.58694268907975
1.9693199533266268 2.5544480524451814
1.2653808396024269 -1.4571797283015888
-1.2633347530557486 2.5659121443293436
3.1535981313756176 3.794140302603383
-0.9752171201364647 3.872073389801466
-1.162460509579219 3.4988490930878657
-0.9931589914798978 1.901525412736925
-1.1946121321904015 2.51915913181184
2.406072391627274 2.078941132494094
-0.9681984081891196 2.9943014426880104
3.043954928617336 2.066778331760162
0.5294711106934491 -1.5042472268132692
2.907632824491541 2.105891639708812
2.150237287716183 2.905325433115436
0.0462481776057852 -0.3354959225290554
2.0372208899329305 2.3866087350119787
3.672082173061742 2.6231439611076555
3.408097357112554 4.22207205835475
0.1194213621126343 3.3437402026516705
-0.1634486415326297 3.043466663984546
3.8117066745316777 2.7749487077553576
1.290171838273978 -1.7294067820320216
0.4719963805041135 2.8839102300692745
0.1055936725903647 -1.0838335228154523
0.1793850363561889 -0.1265574603765637
-1.092039361782247 2.2311927131926224
0.57284169106209 -1.1834824746737025
-0.0637565331857263 -0.7612498962213817
3.930129431308644 2.2713217469357714
3.3171203220988796 3.2850718276815667
0.3894705350087795 -1.371826278111976
3.26542548307816 3.227567809021472
3.0140224203546975 1.8613974905015647
-0.0254183333259779 2.266916665692791
-0.9415156736527179 3.240520989964228
2.977154641592943 2.085363891438045
2.291699064752524 0.2451732277409673
-0.4832114065527663 2.9712450079974255
2.195124910418173 1.9907533479774302
0.0803959672370039 2.9773195025421972
0.8728823379899174 0.561098197170975
2.6410338133316706 2.2789721136015375
0.8440304062746523 1.9487789973459502
3.280694932720226 2.9320365538414994
-0.3833869474190229 3.033095092964954
2.128040691674994 -0.9476811371570476
3.439550423004339 4.289477106024671
2.199470735230578 -1.5622135991057255
3.209787808874948 2.1354397298979966
-0.0327685230810877 -1.103913223793056
0.5953055453562383 -1.7405215611375606
-0.2914754814572175 3.6427863256518336
0.0160294447933758 3.467016272881471
-1.336627832736334 3.8893770171058692
-0.3184101479627175 1.9573082511220743
1.6200732776771691 2.2109815592395017
2.01125076761527 4.0083327189538505
1.7857017994824285 2.60083175089205
-0.0734794618024021 -0.15328011533931
-1.383981750110946 3.4253095935363196
-0.4252387865648041 1.5019756753829727
0.611539518804796 -1.6226184500040228
0.6398929502512662 1.543137007903528
1.3674657476433376 0.0665460391829439
1.383642155319596 0.4420718107271669
1.5131116866369425 0.5708681475192038
3.5254105952014534 3.346776329467153
2.345741869190926 2.016337052930926
-1.185833362041369 3.533031696516724
1.7207919006522376 -1.6457733990827097
1.9243020691789199 3.6047903172912625
-1.1873729463934213 2.3006951137285543
0.0941926875403899 -1.721349722776921
1.4488960101928383 -0.6330796856259656
4.015167048048842 2.9892447531177853
3.963161533636121 3.3229248912044294
2.577135220484443 3.0351746351042355
1.0003189418848524 -1.7365113174938898
1.766646331794936 0.3802088104925849
-1.4004233350730184 3.57191134575575
2.9940853936082106 1.9180753572394436
0.2909775882849326 -0.131196300284283
0.1758428438143168 2.1819374927789656
3.823174320107003 4.2183897861806425
0.8103181273960702 3.316414845211112
2.098199597685716 2.024181590256514
3.691284545284578 2.8950372243951157
0.1937636090939448 -0.5509477409577463
2.1775934045410077 -0.9568079646897707
0.5866463408685852 3.411292050997526
0.1191789130526003 1.6700752007463489
2.0608266708099126 2.341292979385539
0.8678454725225746 -1.3861982750970498
0.9166379916408642 -0.3558606818667909
2.2487011189395134 2.878708291115027
0.379128193982768 -0.4563140257879526
-1.379609224639214 3.3857128688641356
3.8138589097486415 3.3761839184878952
0.974895472645857 -1.4267994441443097
0.0412843975588057 1.825475814635479
1.8691549430036205 2.844508358406437
-1.5824661815850787 3.526297254088635
2.6465522377754422 1.8547666378845287
1.2860379953147334 -1.3858867973797713
0.0273289355874795 0.067506330529184
2.1841827920181913 -0.7667862362616354
-0.166557340943545 3.787332867437047
3.8746923622403115 4.000840899747627
3.0161642476718162 2.8978564425674946
3.4945706489060235 3.771746028056991
0.1086625089309659 -1.1072802124688104
-1.1497324387138446 1.7542401790668867
3.7471961962205307 3.8689091947013843
-0.0867449878865032 1.8961304230103488
0.698858659879295 0.6376773603117244
1.7218682532641851 3.2372873947263887
3.902652762596909 3.502807795536536
1.4199898821936603 -1.3320054295214219
1.6669804390397074 -0.8410510867437272
-0.2191340770530206 2.658560805394841
0.4271700807388268 2.313995772204828
3.0437486047858613 1.942645522393004
-0.7390210678809983 2.7099173586566576
0.1838030815271847 3.6017080949662494
2.4035812406332675 2.4287306769672745
3.7983015418944723 3.545810384401161
0.684952111446102 3.192903414032375
0.8668326364727986 0.0429386332511478
-0.4830382567515165 3.7048570185133163
-1.2999550961976678 3.524580855376076
0.4809758338009935 -1.4961997545252084
0.0404076621458874 -0.7377638088767633
2.0268055622303818 2.829794564384066
2.1076774710872543 2.2373948666288
3.287801461732022 3.7441160369433493
1.2478566007376315 -1.1637392977937944
-0.8899881915283901 2.1853324887536614
-0.222379766609512 3.2362646565813518
2.0407776481354603 3.0820938723263382
0.5133493572532862 -0.14015385936336
3.9978708247902293 2.491977319603765
3.8019937265033983 3.4111144437484455
-0.3923454271332746 3.367364343456617
2.0998040391127986 3.57278236549247
0.5833792085066803 -0.2530860537277682
0.8609139431339463 -1.2804095056119364
-0.2072602484790005 2.6855690618000643
-0.4949144903651834 3.415697801400667
2.0862198025207728 3.2861761929150215
-0.148691016086018 2.1276849062538306
1.8844315840309338 2.485284277456334
2.4539115922570027 2.4779283652282067
-0.9779013629714247 2.2255567092947346
3.994593167230567 2.306179878447881
0.540847810797899 -0.0921485275419566
2.0706598624215875 0.6207589204351561
-1.2265144605645257 1.859562094471577
2.3559887633999446 4.264486392075463
0.7779028494872268 3.4825279098812243
4.036614876311651 2.8311608872329934
-0.313133056600071 3.797187049455876
0.6198590030465702 2.5148625509170475
1.8987310102352308 -1.498518286757831
3.283903021489621 2.976321094238216
3.3680483997762405 2.2152176459116366
2.1512878343763635 3.75206437071818
0.2164739694562658 -0.954708257570245
-0.2963238749657059 3.8797444756735695
1.8099506284305247 -0.791804579888494
2.5228937718100233 3.899955140812468
1.7861357231964192 0.4440392743481123
2.7611661874916815 3.1841594628293692
0.3290702805200134 1.9256281241629594
1.9344624355266578 3.5377229196538034
2.560068335167633 3.1924148755128985
-0.0656819663015109 -0.3059087993362857
0.9928960377443637 -1.3486320383867803
-0.2348178564193797 3.977646971261851
-0.0995237836078731 0.2928627195531691
2.6908489045437634 2.2972047549187726
2.8454563160440514 2.9109610502470122
1.8362695306923151 -0.997588712070345
0.7847718102317224 0.5323170098868153
3.630893832789827 2.0776417064160335
3.2832547188231245 2.7433389186745933
1.869085275094154 0.5104412195783952
-0.4203706313453023 3.418907880703569
-0.4834966599214307 1.6055316433043103
-1.1423532460422867 3.7649039470481296
0.8170066699759567 1.6502324704645124
3.5740285808216443 3.8687881363872867
0.8964845895986147 1.8886089094956053
3.719457962527803 2.1197928282782277
2.598838497823098 3.1554233846314306
2.778899145520579 4.299573697426127
2.269909352077701 3.005005901214037
2.4817922968486785 3.4464037617100334
2.752853474600361 3.752831853597138
1.904669550474457 -0.2520420648019336
0.8693561866176117 -1.224832169690101
3.1593489739357072 4.171544120717097
3.0941927630842736 3.966305042213307
2.794923337670383 3.874821537425854
-1.0770496370232592 3.502231014741987
2.395435788136714 -0.9433753222798767
-0.0447146872342435 3.0399527007618246
3.6143413833484255 1.9651149278401818
3.772448910434856 3.98969326458475
3.992831779519038 3.717220607573733
-0.6442826624370949 3.8617476050722437
0.6540924507848559 2.086241590498353
-0.1714638726144005 2.8243704479569893
1.7027086762092651 4.135654798570726
3.8897977656494427 1.919258668660982
1.234828580578608 -0.9395900517759223
3.1076182407241597 3.998934022785127
0.6825347635871091 -0.0333261511224757
0.081515935681908 3.2453466645065254
0.5993142288292042 2.2299472272064618
1.7592344341957245 2.2648626445463322
1.9477768673069695 -0.9914960848151434
2.636549485376766 4.006375919836054
-0.9528575916531078 1.8391240029632505
3.396548509421194 4.248366426444528
1.8068152108847153 1.8933420686365026
-1.0753576132571865 3.8873919710238094
0.655430696991429 2.8146332885473084
1.9750896322685323 2.3319229526287115
0.3940069614968474 -0.3772371852204792
0.1008333060311542 0.3813156606227104
2.5637855814019725 2.777730189335866
2.172255778677134 -1.0783833214655816
0.8487576300599796 0.3022084009444537
-0.0890712605150582 0.1850817710554129
0.1406832977251769 3.6399945016797446
0.9335544726080899 -1.2277443840654678
-0.4759699784833241 2.6231006013902993
0.6667775932557058 -0.5321936792385108
-1.096922755943595 3.3636293960012225
2.857021594575461 2.5296777479108186
3.4545418649512474 3.359504502445479
2.89820537462515 2.6192606511482945
3.6290916333144136 2.7725937009615724
1.8255612147624363 -1.7083075169357136
0.6205385083704684 2.8657894419886416
2.167139241455187 2.871836830763728
1.8958250139435644 -1.4448159841143842
4.076387076116199 3.1795034161697173
0.1120245880642532 1.8275151672659316
0.368166564177651 0.4881719588429117
-1.095923716468795 2.5153719146141094
0.0485397067515059 3.334606359763765
2.2096731780567906 2.3156824784910706
-0.1467628764836632 3.663069970455178
0.0591924723765865 -0.5713782363691071
0.9545632797536604 -1.6161623857174237
3.9626620636783794 1.8763352063673422
1.1700238663980451 -1.5498957066403707
-0.2939497379486745 1.762422471669976
0.7655802771884227 3.0316917269878494
0.8823402070289821 3.2631013237911035
-1.0373042214792416 2.2331251584399
2.011328635644645 -0.1104308847296376
1.0076083190719636 -1.7256050351364027
2.0419205855894433 -1.275857790260611
-0.9086668722168968 2.6539697332424077
1.57484118776022 -1.1917020498898783
-1.4219344510442213 3.0438599726758326
2.6718828939202215 3.7247181998616146
0.2928181192506094 -0.6212333453636409
1.9382052675794927 -1.3470530027785843
3.9354843750217445 3.049706981251819
-1.151255576794929 3.9611489675555416
-0.0694096285844765 2.1557010806050836
-1.4802588294207486 3.8656230291474145
-0.2876598998415367 2.686961033164639
0.2706132936292157 2.0417289969497445
2.454902132555855 3.6989914352024558
1.9959123389316038 1.8768142609826584
-0.52571071242298 3.0145229976573087
0.0771098344469078 1.6614053426266828
1.3577444772983853 0.3665565930880876
-0.7309662739375403 3.991396125038343
1.7725710912975094 2.0112119257204526
0.0373715535223498 2.865946980397865
-0.6159920740156849 3.916744578356439
-0.6276395942076849 3.4945400897387424
1.8306104085926718 3.7724997280342016
2.4292327104505316 3.0666306677032455
3.5736218825893795 2.325235033477257
0.5312738227660527 3.844663507875344
0.5707452654815527 -1.2222359934901106
3.855260165398252 2.0673728918991574
2.4228603886749087 2.9731088137709634
-0.3454354467491661 2.6890287238921773
3.4723735886342344 4.137428395004926
1.7868393360094812 -0.9711453284202356
0.1425405520745444 -1.3584451185900048
0.2146691657660337 -0.8914632302510156
2.8488218384370896 2.286351010767816
-1.43427065102646 2.686203342886371
1.4574558650126468 -1.1904432495722532
1.0742026928587036 -1.2479956676037538
0.8633251265117784 -1.6290285391288644
-0.7365134448983144 2.0471123371511215
3.558320212507055 3.722996652004625
-1.0029781876364734 2.474572241748194
1.8592499563076654 3.1632650664322197
-1.5016614679144549 1.7773222471648868
-0.600675066485084 1.77165884926096
0.6890476486182872 0.3095577820337479
0.2050387646647517 2.895184128554094
2.601074569923482 4.136432081034084
0.6785335738289906 -0.8000946327773516
0.6630132557078121 -1.5363221054411726
2.5687941295558585 2.0346884469860034
2.6276848212399564 2.2493572166160054
1.5375236591206742 0.3070202917658956
0.4722061026261308 -0.4940760694666844
1.4724792475497088 -1.4219123201300536
2.1737696819276886 3.9848388869157962
2.8489651868591004 2.896052366588083
-0.166019776433094 2.803257881255449
0.7788346644585604 3.3052672095340627
-0.4052662306261361 3.241427806671879
2.9782763234669494 3.8892114333489096
1.798282907076038 2.1921704708431218
-1.0435991912045737 3.0143026385696974
0.5471810220806499 1.9113100917496848
0.8442917015205409 3.343623139952735
-0.0807339423073827 2.199559074965345
-0.467611745197904 3.78232607318774
2.6324345484077023 4.000909307742932
0.4178544403871725 2.9744497801793988
2.655473025268138 2.3304862189630775
-1.595921153622237 2.504273505917198
2.443185360904325 4.2715063239451005
2.467860719797013 3.922137237102727
4.0785043756368635 2.242642411109411
2.0191146555060917 -0.0243730313563276
2.1614752798447174 1.825413841752839
3.8203091350505245 3.170801914958749
1.653506441785819 -0.8909152539284958
1.081446893751195 -0.1952444668636674
2.979238047070347 3.4135525100149113
3.8324150126751286 3.712979116702607
2.0663272207428776 3.5196733170674044
2.1360403466594438 0.2663495056121705
2.2996045791470245 2.118419515164021
-0.1086070371152015 3.9605576429321294
1.2187923849867022 0.6188446912382379
3.1412589052562256 3.7689664868515758
-0.7750631731181861 3.478821714919645
0.8842167056054577 3.4260432764070896
0.0461201580832588 2.722102837745115
3.6697313579322732 2.722194793469497
3.539082749389629 2.427565925378291
1.0701797882227817 -0.9320833946308529
0.1976515072775416 2.022183803737555
0.2261077022486052 2.8980407730172866
3.076240862811248 3.557453541957729
0.0207737800450894 3.2562255002998484
-0.9609547628430052 3.573354126836151
0.8077880948639523 2.0024335122884374
0.1670172385529655 2.5837025400657088
1.7805889412730385 2.7415023799259672
3.0306850333045916 4.223663077266367
2.2674339099724974 -1.3095320649679048
2.3988799311864644 -1.6697233337649917
0.8153197788007392 -1.0860032986212547
2.027365654837967 3.5119112430058648
-0.89041141863071 1.7706195488364267
-0.805177816064011 1.926696453465974
-0.6198832206621364 2.465527293019936
0.8172047173781183 2.296450212003656
0.6970582350830163 -1.0563589946382514
-0.0449153266913252 -1.1323459099853108
2.898214841769592 2.418396295026392
-1.3835196270012742 1.864124179314582
0.8505125361612181 2.296346529876383
1.1353940385341466 0.653937437725189
3.837462615000856 3.1227772200942874
3.7711523255334485 3.348673411459603
0.2095507701542891 -0.7953286693806731
0.2765525351442854 -1.458804517541345
1.4757479732861538 0.485985617643013
2.175846492989154 -1.0072438468810356
0.8915771808033167 3.3245695503994632
0.3137814114857472 2.5099098565015954
3.9351029028143922 4.091188678502432
-0.5383081038353184 3.5784643005932493
0.3511940121099158 0.4525530354332112
2.607935450248442 3.77459577989362
1.6110814195953085 -0.084554230461633
1.4107501690030408 -0.3607547184923722
2.3199251813685153 3.7063211711571307
1.731366126310817 3.6710892206116505
0.0016921012522122 0.2552704835038872
3.8227132868960716 1.9511010127423942
-0.7128762713458724 3.4908977877662135
0.7215616817350053 3.279580540749828
-0.6067880594713654 2.668413347591527
2.140287298414429 2.8813612980379384
1.6548583834127564 4.017191355698897
-0.4608437035250812 1.5713503943499223
2.2725097498267584 -1.3675375412881323
0.9686711340102337 0.0611432271020641
1.3908247622775505 -0.6502721052338795
3.3505020122077322 3.716432011274623
3.195795154812906 2.6986790530358045
1.1756846282096385 -1.468569951659289
-1.3642926626469611 2.3735130034302787
0.718179903596737 3.4841870326790367
-1.3241600278759684 2.277384475194876
2.8440959754309154 3.6713473483450056
2.2347446803147593 2.759314161819665
0.7732165821306287 -1.7781059473877239
0.6507121537422998 -0.8436989379870409
1.0500271093513005 -1.7328100569194202
0.1917716666597542 -0.4993494566130072
1.5141405561294965 -1.0075819443015588
1.0161673623187435 -0.5574749611173947
3.948092711121364 3.747930151184991
3.542730354798916 1.8440821542910162
-0.3966849609432576 2.6152903153553906
2.2811751144656855 -0.8450397931376658
-0.5152894931105765 2.0837012828667323
0.5133398407874429 2.4834420815045446
3.8228658514516765 3.1187360926498724
3.9015283944571384 3.6786062876968377
2.601209308588111 3.3815962616091633
3.5558283697475885 4.008628075220946
2.127872993489751 0.624865852642663
-0.7792689362641092 3.5311863087388935
2.5542125186174514 2.909388009023973
1.035694150641423 0.2736289669803596
1.6157751068469015 -1.7969605882228892
3.8468497671966904 2.407033739573347
3.663766219553389 4.2814843863843715
0.0499451824908745 -0.0317109597013418
2.7127654169725206 4.086392965593015
-1.5479533606151827 3.584204788907783
3.915001145573141 2.4399238851725205
3.0351450106667177 4.036808789659592
1.5357157749535064 -0.8528497394082089
1.6270346527274426 2.210577441574278
0.436209114507977 -1.3103964306702145
1.522049312818745 0.2564110647685142
-0.7725792483488028 2.614884820472391
2.482816132097847 4.290153260992089
0.0465086661092022 3.8229656687379228
0.7003048821393703 3.79799131473492
-0.4006475533346905 1.5796587693205584
-0.4691782961245819 1.5949226745526495
3.5006770956918905 2.9831196072898574
1.7317902128095004 -1.5804230709455815
1.431340112001339 -1.2427368479744099
0.2841978553699061 3.576296514022753
-0.6867166055331527 2.1385621217593545
0.7571502708059501 1.5817890466586564
2.8214886916581143 3.993641720590375
2.2880746173232733 3.144015669345361
-0.9970721858707658 3.4480318277325606
1.1951823384639058 -0.8218111109506185
-0.4815115089974686 1.5607384206898054
0.1435952609955732 -1.450878326154937
2.332019477215111 -0.7442541461708994
2.0561205969847487 4.181869570629915
4.031859633196188 4.072148500619662
1.9524811497207375 3.0863717861951985
4.031958507614112 4.278939166582262
3.2831228515149813 3.662518072428192
1.4434801048067218 -1.484561589116858
1.3719706630696373 -1.7775867854433427
-1.2265189958724343 2.5762222483251067
2.5103043180823965 2.669611551758435
1.7218248446013757 2.8933243947412013
1.2611532858135215 -1.0274377374598491
2.3033009619981484 3.9920230349890518
0.6936423469201275 2.6768130161822654
-0.0195269662841573 -0.341043880295541
3.080419286592981 3.7836579833337605
0.9383296258128149 -0.3913602640196412
-0.0858417327256042 0.6392818572031504
0.0199273544064019 2.3981591733604017
-0.6862134922888066 2.4872834031205966
-1.429371498689825 2.9248325265355435
4.08287485545589 1.8144815454915586
0.3821024201368026 -1.161547283903252
1.5259280743225363 -1.2582071169520834
0.4223747997725146 3.9704358956860175
1.8412725525457903 0.6574233608851242
0.5470782460519337 0.6715640746001809
-0.8208404143507001 2.3110148195104068
-0.7379961976083741 2.9151601803079967
0.2269720521570557 3.329889453935095
2.0363200469693807 3.887483200612606
0.5239645546786347 2.33486154728642
-0.0970014960597054 -1.0101300961181858
0.7569963313211597 -0.6741676433045725
0.5152767370383481 2.146085659082089
3.9243714484780914 1.9724387972100768
2.6448488198931135 3.2775862670271367
1.8981414207616658 2.031451698714746
2.3250461035911196 -0.0847303238022447
1.7915358305518945 2.074216318734492
3.9592010766652077 3.87511780382316
0.3780811514914853 2.296320578769913
3.844957395115803 2.1503150326107834
2.0417739092062366 3.3657090194621104
4.0138108916974895 3.04649449202287
2.5235587182476356 4.133116287949233
2.964043229361748 3.4660735600604555
3.697630887090277 2.2026961330778136
2.001241161298568 1.9648240977939122
-0.5999726026376077 2.2246326319880594
1.3990216806513396 -0.0645692565448875
1.107887910091646 -0.4156928014076509
-0.0986151185204052 -1.7170317871113872
0.7821037840005473 0.5923566788162655
3.3921705776675872 2.002298522042235
3.642154671611229 2.014580216181553
-1.5937189865803516 3.4571986562625465
4.050086036269623 3.1047941890219977
-0.7495145521239874 3.9898893239377613
3.8192503692731834 2.2063398973546424
3.146250902785422 2.455009629077208
-0.5558939877176357 2.1788446208609895
0.8022150163410412 1.7674874951492472
0.3346905749065795 -1.6957032109524368
2.264099531194973 -0.9406518089475585
-1.4064581331590225 3.0884684746055284
0.5796022726665389 1.9494773209594
3.9373848794438673 1.8148339503508295
0.1942297290275898 2.8821348035406738
-1.121989207334834 3.521786107187738
3.8300482441564725 3.63440511916447
2.1085660952555014 2.1457137143275653
1.9281034865664561 3.936393122422611
0.3751396955379321 1.929246756762683
-0.0585513406280124 3.075964759028848
-1.54703487141041 2.014960750783066
0.4777345175804403 -0.1461060222716595
0.6440423955682812 -1.5456025932895132
-0.4335589924367383 3.0636960942865215
2.8346140942268425 3.9726596404532315
1.6802113686819917 -1.3204583246361399
1.7267709372271716 3.2365102383453888
2.89887528569789 3.6937178088169333
3.992099932225662 2.7049955377701416
-1.3800129020853982 3.6150472173917656
0.505740630104322 2.1114215159480274
2.140021188647687 3.65075728584965
0.345389313609391 -1.3218789236801567
2.4190036798078216 2.601982728438926
3.357611467713946 3.3057517493421384
3.5141367341170073 1.8949703249795062
-0.0059525253117493 -1.015671443813752
-1.5496104739648229 2.7946716998164316
3.561374442219256 3.13542229529116
3.1305375680242995 3.442257932456811
3.0421403556431663 3.760983206048784
-0.4535309005800798 1.7838579217389845
1.8109676286388297 2.103556830641836
0.492767750833592 3.660376418002809
1.1229141940180043 -0.591340730128041
2.1393304752665943 -0.0100972217032668
0.5353062365142514 0.5328015043844747
2.2055561064872977 2.57489055291092
-0.2300672247503896 3.1957822533444085
0.9813906342898655 -1.125036760745174
-1.4839471684207888 3.265897903066876
1.8338877414602424 -0.1533252690182956
-1.4325643371835164 3.09607038575268
-0.6626135900398241 3.5258336958028447
2.242228504026212 -1.6985294497014618
2.3750434457612197 3.8483931049351523
0.6240166998747769 2.688227407659128
2.5070236641567565 3.0114419785891093
3.10216569791684 3.8847438859007637
1.2988362317533415 -0.1995659310314121
-0.9091672979720289 1.7846566672515682
1.9165989034009987 2.155308199373011
-1.4437483098918753 2.866093449900095
-0.0071197753210672 2.4918878709512766
-1.0710375046535814 1.8792328094006943
1.9669203609246588 -1.01145024458526
3.5334395472478564 3.4445714659804723
1.9692854565623965 2.684211121593403
-0.2235100328124582 1.6773303606492513
0.7435697279398642 0.6731441979465077
1.0442112141771966 -0.1363441499847066
3.314714639684252 3.7544674039467987
2.3347006467844404 0.280670812127938
0.6757022791397231 2.9874357429563334
2.3000685789487383 -0.8452883301835835
2.4555224931520048 1.931245880036042
1.7628768437133593 2.168598638230331
-0.1079960265157253 1.5648935139016211
3.812850838000979 3.9940250251445897
2.0554960043684476 -0.783823016166879
1.825263040543818 3.086563463109894
-0.675979477068713 2.3106381775755063
-0.0563008423763697 1.575784998828377
1.4343527369130484 0.1240760979776994
2.3792777431770062 3.5643418096360766
2.489224004395724 2.642681823390146
0.2916456886816487 2.4197724762261017
3.412654330490193 2.678076723774287
-1.1643987067594361 3.6826491305576075
1.708421229766377 0.5948819321603273
-0.8552351729222682 2.047698896983765
2.0867651086696757 2.4262966097477325
2.9692989634336997 2.025980880197928
0.8048705039056627 -0.6717807581964177
0.0609902330446054 3.328379325396545
1.567802210581993 -1.7010525233547642
-1.004239548482353 3.488419322581767
0.5768131971863548 -0.6409277225953826
2.8926690500944305 2.541062640311782
0.1266445364394778 -1.0162829556567936
-0.0555803179567467 -1.1473281539463902
-0.4351910736157885 2.0096952265479566
1.6939450784730097 -0.0381155118972844
2.6628438060776696 3.779745425280896
0.8195633036426194 2.229527132354251
0.5898374943551752 2.0190925448174433
1.9329291042070427 -0.9803990738304789
3.7778769689911096 3.34959846011331
3.8171353407733695 4.0383950878839086
1.922312002498014 2.9111940818077615
2.1070059757087964 3.4899913978735193
-0.9886450459825821 2.592758305157062
2.8466223816837526 1.8349759568878574
3.3613032889505186 2.15527786483899
-1.189421083892387 2.4321554881620147
2.3959761331686136 0.6240681614349542
0.9932469260092085 -0.2358897520982536
2.7722387957433803 2.2820867012398134
0.5521196598431283 3.1385538767774137
-0.6863476999550543 3.03301537067452
-0.0583289365106046 0.4353318507946495
1.752915166124224 1.9812248477200225
-0.771213025265174 1.7670206636747956
-1.2189078740746413 2.306078320658623
-0.5891307606535078 1.5864870061462994
3.062779617010668 2.652399086210009
-1.1323809593875662 3.056390550018415
1.6762088781457072 -1.5933231758999415
-0.9774937503465262 2.316994968855455
1.8231529834220968 0.6867645595800668
-0.0419079471214465 -1.5946314339067245
1.9995788628467646 -0.8223399206382928
1.9004908643633898 3.207896495905819
2.05292182635802 3.325529321787599
0.658029459452226 3.953742761147801
0.731227047239947 -1.397121828428451
-1.0484842736804754 2.6911350313649844
2.7412232217133874 2.9421554671662697
1.8187682549650044 4.127029147112681
1.9059755808868557 0.1326184206345398
1.924176748259388 2.7471914932927697
-0.0863765766821456 0.5787604612322872
3.7479234046493635 1.8261087611861757
-0.2445908560968035 3.7793766086963
0.2719056818701349 -1.6103902490267437
-1.344126902434269 3.336073731061557
